rank_composite,name,organizer,category_slug,official_url,grade_band,region_scope,cost,participation,entry_pathway,likely_recurrence,search_volume_score,coverage_score,deadline_proximity_score,notes
4.8,Scholastic Art & Writing Awards (Art),Alliance for Young Artists & Writers,arts-music,https://www.artandwriting.org/awards,7-12,national,paid,individual,either,annual,5,5,4,Premier teen visual-art awards
4.8,AMC 10,Mathematical Association of America,math,https://maa.org/student-programs/amc,9-10,national,paid,individual,school_or_chapter,annual,5,5,4,Gateway to AIME; Nov
4.8,AMC 12,Mathematical Association of America,math,https://maa.org/student-programs/amc,11-12,national,paid,individual,school_or_chapter,annual,5,5,4,Gateway to AIME; Nov
4.8,MATHCOUNTS Competition Series,MATHCOUNTS Foundation,math,https://www.mathcounts.org/programs/mathcounts-competition-series,6-8,national,paid,both,school_or_chapter,annual,5,5,4,Middle-school math; school->chapter->state->national
4.8,FIRST Robotics Competition (FRC),FIRST,robotics,https://www.firstinspires.org/programs/frc/get-started,9-12,national,paid,team,school_or_chapter,annual,5,5,4,Flagship high-school build-season league
4.8,Scholastic Art & Writing Awards (Writing),Alliance for Young Artists & Writers,writing-essay,https://www.artandwriting.org/awards,7-12,national,paid,individual,either,annual,5,5,4,Premier teen creative-writing awards; regional deadlines
4.6,NSDA National Speech & Debate Tournament,National Speech & Debate Association,debate-speech,https://www.speechanddebate.org/nationals,6-12,national,paid,both,school_or_chapter,annual,5,5,3,Largest US academic speech/debate
4.6,AMC 8,Mathematical Association of America,math,https://maa.org/student-programs/amc,6-8,national,paid,individual,school_or_chapter,annual,5,5,3,"25-question middle-school exam, January"
4.6,Math Kangaroo,Math Kangaroo USA,math,https://mathkangaroo.org,1-12,national,paid,individual,either,annual,5,5,3,Global participation contest; March
4.6,Scripps National Spelling Bee,E.W. Scripps Company,other,https://spellingbee.com/rules,K-8,national,paid,individual,school_or_chapter,annual,5,5,3,Iconic national spelling championship
4.6,Regeneron International Science and Engineering Fair (ISEF),Society for Science,science-engineering,https://www.societyforscience.org/isef,9-12,national,free,both,school_or_chapter,annual,5,5,3,Premier pre-college research fair
4.6,Regeneron Science Talent Search (STS),Society for Science,science-engineering,https://www.societyforscience.org/regeneron-sts,12-12,national,free,individual,individual,annual,5,5,3,Senior research; top US science prize
4.6,Science Olympiad,"Science Olympiad, Inc.",science-engineering,https://www.soinc.org/play/tournaments,6-12,national,paid,team,school_or_chapter,annual,5,5,3,23-event team tournament series
4.3,Congressional App Challenge,U.S. House of Representatives,computer-science,https://www.congressionalappchallenge.us/students/rules,6-12,national,free,both,individual,annual,4,5,4,District-based app contest; fall deadline
4.3,CyberPatriot National Youth Cyber Defense Competition,Air & Space Forces Association,computer-science,https://www.uscyberpatriot.org,6-12,national,paid,team,school_or_chapter,annual,4,5,4,Network-defense competition; URL AUDIT: robots.txt disallows crawling - never extract; curate by hand or ask the organizer
4.3,USA Computing Olympiad (USACO),USACO,computer-science,https://usaco.org/index.php?page=contests,6-12,national,free,individual,individual,annual,4,5,4,Online competitive-programming contests
4.3,FIRST LEGO League Challenge,FIRST,robotics,https://www.firstinspires.org/programs/fll/get-started,4-8,national,paid,team,school_or_chapter,annual,4,5,4,LEGO robotics + research project
4.3,FIRST Tech Challenge (FTC),FIRST,robotics,https://www.firstinspires.org/programs/ftc/get-started,7-12,national,paid,team,school_or_chapter,annual,4,5,4,Mid-size robot league
4.3,VEX Robotics Competition (V5RC),REC Foundation,robotics,https://www.vexrobotics.com/competition,6-12,national,paid,team,school_or_chapter,annual,4,5,4,"Popular middle/high robot league; URL AUDIT: 403 bot-block, not a bad URL - manual entry"
4.1,National Academic Quiz Tournaments (NAQT) HSNCT,NAQT,academic-bowl,https://www.naqt.com,9-12,national,paid,team,school_or_chapter,annual,4,5,3,"High School National Championship quiz bowl; URL AUDIT: 403 bot-block, not a bad URL - manual entry"
4.1,United States Academic Decathlon,USAD,academic-bowl,https://www.usad.org,9-12,national,paid,team,school_or_chapter,annual,4,5,3,Ten-event team academic competition; URL AUDIT: no working program page found (every /competition* path 404s) - needs a human
4.1,National YoungArts Foundation,National YoungArts Foundation,arts-music,https://youngarts.org/competition,10-12,national,paid,individual,individual,annual,4,5,3,National arts awards across disciplines
4.1,DECA International Career Development Conference,DECA Inc.,business-entrepreneurship,https://www.deca.org/compete,9-12,national,paid,both,school_or_chapter,annual,4,5,3,Marketing/business CTSO championship
4.1,FBLA National Leadership Conference,Future Business Leaders of America,business-entrepreneurship,https://www.fbla.org/high-school/competitive-events,6-12,national,paid,both,school_or_chapter,annual,4,5,3,Business CTSO competitive events
4.1,National High School Mock Trial Championship,National High School Mock Trial,debate-speech,https://www.nationalmocktrial.org/rules/rules-competition,9-12,national,paid,team,school_or_chapter,annual,4,5,3,State-champion mock trial finals
4.1,National History Day,National History Day,history-geography-civics,https://nhd.org/en/contest/national-contest,6-12,national,paid,both,school_or_chapter,annual,4,5,3,Historical research project competition
4.1,Math Olympiads for Elementary and Middle Schools (MOEMS),MOEMS,math,https://www.moems.org/pages/contests-tournaments,4-8,national,paid,team,school_or_chapter,annual,4,5,3,Monthly school-based olympiad set
4.1,Math Prize for Girls,AoPS Initiative / Advantage Testing,math,https://mathprize.atfoundation.org/apply,9-12,national,free,individual,individual,annual,4,5,3,Largest math prize for girls; Oct
4.1,3M Young Scientist Challenge,3M / Discovery Education,science-engineering,https://www.youngscientistlab.com,5-8,national,free,individual,individual,annual,4,5,3,Middle-school video-entry invention; URL AUDIT: /annual-challenge subpages 403 - needs a human
4.1,National Science Bowl,U.S. Department of Energy,science-engineering,https://science.osti.gov/wdts/nsb,6-12,national,free,team,school_or_chapter,annual,4,5,3,Buzzer science quiz; regional->national
4.1,Thermo Fisher Scientific Junior Innovators Challenge,Society for Science,science-engineering,https://www.societyforscience.org/jic,6-8,national,free,individual,school_or_chapter,annual,4,5,3,Middle-school STEM (formerly Broadcom MASTERS)
4.1,UIL Academics,University Interscholastic League,academic-bowl,https://www.uiltexas.org/academics,2-12,state,paid,both,school_or_chapter,annual,4,5,3,Texas flagship league; ~30 HS events plus 20 A+ events
4.0,Doodle for Google,Google,arts-music,https://doodles.google.com/intl/ALL_in/d4g/rules/,K-12,national,free,individual,either,annual,4,4,4,National student doodle contest
4.0,FFA Career Development Events,National FFA Organization,other,https://www.ffa.org/participate/cdes/,7-12,national,paid,both,school_or_chapter,annual,4,4,4,Agriscience career events; nationals at October convention
4.0,CSPA Crown & Gold Circle Awards,Columbia Scholastic Press Association,arts-music,https://precollege.sps.columbia.edu/columbia-scholastic-press-association,6-12,national,paid,both,school_or_chapter,annual,3,5,5,Columbia-run student press awards; Aug 31 deadline
4.0,JEA National Student Media Contests,Journalism Education Association,arts-music,https://jea.org/contests/,9-12,national,paid,individual,school_or_chapter,annual,3,5,5,50 categories; tied to fall and spring conventions
4.0,America's Battle of the Books,America's Battle of the Books,academic-bowl,https://www.battleofthebooks.org,3-12,national,paid,team,either,annual,4,4,4,National reading-quiz program; local through state battles; URL AUDIT: no page with real competition detail found - needs a human
3.9,Breakthrough Junior Challenge,Breakthrough Prize Foundation,science-engineering,https://breakthroughjuniorchallenge.org/enter,7-12,virtual,free,individual,individual,annual,4,3,5,2-minute science video; $250k scholarship; May-Sep window
3.9,International Thespian Excellence Awards (Thespys),Educational Theatre Association,arts-music,https://schooltheatre.org/thespys,9-12,national,paid,both,school_or_chapter,annual,4,5,2,Marquee HS theatre honor; performance and tech categories
3.8,Lincoln-Douglas Debate,National Speech & Debate Association,debate-speech,https://www.speechanddebate.org,9-12,national,paid,individual,school_or_chapter,annual,4,4,3,One-on-one values debate
3.8,Public Forum Debate,National Speech & Debate Association,debate-speech,https://www.speechanddebate.org,9-12,national,paid,team,school_or_chapter,annual,4,4,3,Two-person current-events debate
3.8,AIME (American Invitational Mathematics Exam),Mathematical Association of America,math,https://maa.org/student-programs/amc,9-12,national,paid,individual,school_or_chapter,annual,4,4,3,Invitational round after AMC
3.8,American Regions Mathematics League (ARML),ARML,math,https://www.arml.com,9-12,national,paid,team,school_or_chapter,annual,4,4,3,"Team relay competition, June; URL AUDIT: site structure unfetchable, all guessed paths 404 - needs a human"
3.8,Harvard-MIT Mathematics Tournament (HMMT),HMMT,math,https://www.hmmt.org/www/tournaments/novfeb,9-12,national,paid,team,school_or_chapter,annual,4,4,3,"Elite invitational, Nov & Feb"
3.8,National Merit Scholarship Program,NMSC,other,https://www.nationalmerit.org,11-11,national,paid,individual,school_or_chapter,annual,4,4,3,PSAT/NMSQT-based scholarship; URL AUDIT: every path redirect-loops against our fetcher - manual entry
3.8,Diamond Challenge,"Horn Entrepreneurship, University of Delaware",business-entrepreneurship,https://diamondchallenge.org/competition,9-12,national,free,team,either,annual,3,5,4,High-school entrepreneurship pitch
3.8,Technovation Girls,Technovation,computer-science,https://www.technovation.org,5-12,national,free,team,either,annual,3,5,4,Girls app + AI entrepreneurship; URL AUDIT: robots.txt disallows crawling - never extract; curate by hand or ask the organizer
3.8,picoCTF,Carnegie Mellon University,computer-science,https://picoctf.org,6-12,national,free,both,either,annual,3,5,4,Capture-the-flag cybersecurity; URL AUDIT: subpages 403 behind Cloudflare - root is the only readable page
3.8,National Civics Bee,U.S. Chamber of Commerce Foundation,history-geography-civics,https://www.civicsbee.org,6-8,national,free,individual,school_or_chapter,annual,3,5,4,Middle-school civics competition; URL AUDIT: content moved to civics.uschamberfoundation.org but is equally thin - needs a human
3.8,The New York Times Learning Network Contests,The New York Times,writing-essay,https://www.nytimes.com/spotlight/learning-contests,6-12,national,free,individual,individual,rolling,3,5,4,Editorial/review/essay contests year-round
3.8,TSA National Conference Competitive Events,Technology Student Association,other,https://tsaweb.org/competitions,6-12,national,paid,both,school_or_chapter,annual,3,5,4,40 HS and 37 MS events; state-to-national
3.8,STN Nationals & Challenges,Student Television Network,arts-music,https://www.studenttelevision.com/nationals,6-12,national,paid,team,school_or_chapter,annual,3,5,4,Premier HS broadcast and film contests; convention plus virtual
3.7,Greenhill Fall Classic,Greenhill School,debate-speech,https://greenhill.tabroom.com,9-12,national,paid,team,school_or_chapter,annual,3,4,5,Season opener; TOC octos bids; September
3.6,USA(J)MO,Mathematical Association of America,math,https://maa.org/student-programs/amc,9-12,national,free,individual,school_or_chapter,annual,4,4,2,"Olympiad proof round, invite-only"
3.6,Destination Imagination,Destination Imagination,other,https://www.destinationimagination.org/challenge-experience,K-12,national,paid,team,school_or_chapter,annual,3,5,3,STEAM creativity team challenge
3.6,Odyssey of the Mind,Odyssey of the Mind,other,https://odysseyofthemind.com/program-guide,K-12,national,paid,team,school_or_chapter,annual,3,5,3,Creative problem-solving team competition
3.6,National Latin Exam,American Classical League / NJCL,academic-bowl,https://www.nle.org/registration,6-12,national,paid,individual,school_or_chapter,annual,3,5,3,Multi-level Latin exam; homeschool option; March window
3.6,National Spanish Examinations,AATSP,academic-bowl,https://www.nationalspanishexam.org,6-12,national,paid,individual,school_or_chapter,annual,3,5,3,Largest US Spanish exam; elementary Challenge variant
3.6,Le Grand Concours (National French Contest),AATF,academic-bowl,https://frenchteachers.org/concours/,1-12,national,paid,individual,school_or_chapter,annual,3,5,3,FLES plus secondary levels; Feb-Apr window
3.6,NSPA Pacemaker & Individual Awards,National Scholastic Press Association,arts-music,https://studentpress.org/nspa/,6-12,national,paid,both,school_or_chapter,annual,3,5,3,Top scholastic journalism honor; Pacemaker awards
3.6,Quill and Scroll Writing Visual Multimedia Contest,Quill and Scroll Society,arts-music,https://quillandscroll.org/contests/,9-12,national,paid,individual,school_or_chapter,annual,3,5,3,54 journalism categories; published work required
3.5,Bands of America Grand National Championships,Music for All,arts-music,https://marching.musicforall.org/grandnationals,9-12,national,paid,team,school_or_chapter,annual,3,4,4,"Marching-band championship, Lucas Oil Stadium"
3.5,MLH high school hackathons (Local Hack Day),Major League Hacking,computer-science,https://mlh.io,9-12,national,free,both,individual,rolling,3,4,4,Student hackathon network
3.5,NCWIT Aspirations in Computing,National Center for Women & Information Technology,computer-science,https://www.aspirations.org,9-12,national,free,individual,individual,annual,3,4,4,Award recognizing young women in computing
3.5,Purple Comet! Math Meet,Purple Comet,math,https://purplecomet.org,6-12,national,free,team,school_or_chapter,annual,3,4,4,Free online team meet; April
3.5,USA Mathematical Talent Search (USAMTS),Art of Problem Solving Initiative,math,https://www.usamts.org,6-12,national,free,individual,individual,annual,3,4,4,Free proof-based; month-long rounds; AIME qualifier
3.5,FIRST LEGO League Explore,FIRST,robotics,https://www.firstinspires.org/robotics/fll/explore,1-4,national,paid,team,school_or_chapter,annual,3,4,4,Early-elementary robotics
3.5,VEX IQ Robotics Competition,REC Foundation,robotics,https://www.vexrobotics.com/iq/competition,4-8,national,paid,team,school_or_chapter,annual,3,4,4,Elementary/middle robot league
3.5,C-SPAN StudentCam,C-SPAN,writing-essay,https://www.studentcam.org,6-12,national,free,both,individual,annual,3,4,4,Documentary competition; Jan deadline
3.5,John F. Kennedy Profile in Courage Essay Contest,JFK Library Foundation,writing-essay,https://www.jfklibrary.org/learn/education/profile-in-courage-essay-contest,9-12,national,free,individual,individual,annual,3,4,4,Political-courage essay; Jan deadline
3.5,FFA Agriscience Fair,National FFA Organization,science-engineering,https://www.ffa.org/participate/awards/agriscience-fair/,7-12,national,paid,both,school_or_chapter,annual,3,4,4,Six divisions x six categories; members only
3.5,TMSCA Math Contests,Texas Math and Science Coaches Association,math,https://www.tmsca.org,6-12,state,paid,both,school_or_chapter,annual,3,4,4,Number sense; calculator; math tests; huge Texas circuit
3.5,Princeton Model Congress,American Whig-Cliosophic Society,debate-speech,https://princetonmodelcongress.com,9-12,national,paid,team,school_or_chapter,annual,3,4,4,Oldest US model congress; November in DC
3.5,Student World Impact Film Festival (SWIFF),SWIFF,arts-music,https://www.swiff.org,6-12,virtual,free,both,individual,annual,3,4,4,Large fee-free student film festival; FilmFreeway entry
3.4,MATHCOUNTS National Math Club,MATHCOUNTS Foundation,math,https://www.mathcounts.org/programs/national-math-club,6-8,national,free,team,school_or_chapter,annual,3,3,5,"Club program, year-round"
3.4,MUNUC (Model United Nations of the University of Chicago),University of Chicago,debate-speech,https://munuc.org,9-12,national,paid,team,school_or_chapter,annual,3,3,5,3000-delegate Chicago conference; financial aid offered
3.4,Write the World Monthly Competitions,Write the World,writing-essay,https://writetheworld.org,7-12,virtual,free,individual,individual,rolling,3,3,5,New genre each month; professional judges; ages 13-19
3.3,NAQT Middle School National Championship (MSNCT),NAQT,academic-bowl,https://www.naqt.com,6-8,national,paid,team,school_or_chapter,annual,3,4,3,Middle-school quiz bowl nationals
3.3,PACE National Scholastic Championship (NSC),PACE,academic-bowl,https://www.pace-nsc.org,9-12,national,paid,team,school_or_chapter,annual,3,4,3,Pyramidal quiz-bowl championship
3.3,Congressional Art Competition,U.S. House of Representatives,arts-music,https://www.house.gov/educators-and-students/congressional-art-competition,9-12,national,free,individual,individual,annual,3,4,3,District art contest; Capitol display
3.3,Essentially Ellington High School Jazz Competition,Jazz at Lincoln Center,arts-music,https://academy.jazz.org/ee,9-12,national,free,team,school_or_chapter,annual,3,4,3,Top HS jazz-band competition
3.3,Music Teachers National Association (MTNA) Competitions,MTNA,arts-music,https://www.mtna.org/competitions,5-12,national,paid,individual,individual,annual,3,4,3,Piano/strings/voice performance
3.3,NAfME All-National Honor Ensembles,National Association for Music Education,arts-music,https://nafme.org/programs/all-national-honor-ensembles,9-12,national,paid,individual,school_or_chapter,annual,3,4,3,Auditioned national honor ensembles
3.3,PTA Reflections Program,National PTA,arts-music,https://www.pta.org/home/programs/reflections,K-12,national,free,individual,school_or_chapter,annual,3,4,3,Multi-arts program by theme
3.3,Business Professionals of America (BPA) NLC,Business Professionals of America,business-entrepreneurship,https://bpa.org,6-12,national,paid,both,school_or_chapter,annual,3,4,3,Business/IT CTSO competition
3.3,FCCLA National Leadership Conference,"Family, Career and Community Leaders of America",business-entrepreneurship,https://fcclainc.org,6-12,national,paid,both,school_or_chapter,annual,3,4,3,Family/consumer-science CTSO events
3.3,JA Titan,Junior Achievement USA,business-entrepreneurship,https://jausa.ja.org/programs/ja-titan,9-12,national,free,team,school_or_chapter,annual,3,4,3,CEO business simulation; national challenge
3.3,National Economics Challenge,Council for Economic Education,business-entrepreneurship,https://www.councilforeconed.org/national-economics-challenge,9-12,national,paid,team,school_or_chapter,annual,3,4,3,Economics knowledge competition
3.3,National ProStart Invitational,National Restaurant Association Educational Foundation,business-entrepreneurship,https://chooserestaurants.org/events/national-prostart-invitational,9-12,national,paid,team,school_or_chapter,annual,3,4,3,Restaurant management + culinary; scholarships
3.3,SkillsUSA Championships,SkillsUSA,business-entrepreneurship,https://www.skillsusa.org,9-12,national,paid,both,school_or_chapter,annual,3,4,3,Trade/technical/leadership CTSO events
3.3,The Stock Market Game,SIFMA Foundation,business-entrepreneurship,https://www.stockmarketgame.org,4-12,national,paid,team,school_or_chapter,annual,3,4,3,Investing simulation
3.3,Wharton Global Youth Investment Competition,"Wharton School, U. Penn",business-entrepreneurship,https://globalyouth.wharton.upenn.edu,9-12,national,free,team,school_or_chapter,annual,3,4,3,Simulated portfolio investing
3.3,American Computer Science League (ACSL),ACSL,computer-science,https://www.acsl.org,3-12,national,paid,both,school_or_chapter,annual,3,4,3,CS theory + programming contests
3.3,Congressional Debate,National Speech & Debate Association,debate-speech,https://www.speechanddebate.org,9-12,national,paid,individual,school_or_chapter,annual,3,4,3,Legislative simulation debate
3.3,National High School Model United Nations (NHSMUN),IMUNA,debate-speech,https://www.imuna.org/nhsmun,9-12,national,paid,both,school_or_chapter,annual,3,4,3,"Large Model UN conference, NYC"
3.3,Policy (Cross-Examination) Debate,National Speech & Debate Association,debate-speech,https://www.speechanddebate.org,9-12,national,paid,team,school_or_chapter,annual,3,4,3,Two-person evidence-heavy debate
3.3,Cayley/Pascal/Fermat (CEMC) US sittings,University of Waterloo CEMC,math,https://www.cemc.uwaterloo.ca/contests,7-12,national,paid,individual,school_or_chapter,annual,3,4,3,Waterloo contests offered at US schools
3.3,Continental Mathematics League,Continental Mathematics League,math,https://www.continentalmathematicsleague.com,2-12,national,paid,team,school_or_chapter,annual,3,4,3,Multi-meet league
3.3,Math League,Math League Press,math,https://www.mathleague.com,4-12,national,paid,both,school_or_chapter,annual,3,4,3,Contests and tournaments
3.3,MathWorks Math Modeling (M3) Challenge,SIAM,math,https://m3challenge.siam.org,11-12,national,free,team,school_or_chapter,annual,3,4,3,Applied math modeling; scholarships
3.3,Noetic Learning Math Contest,Noetic Learning,math,https://www.noetic-learning.com/mathcontest,2-8,national,paid,individual,school_or_chapter,annual,3,4,3,Elementary/middle problem-solving
3.3,Davidson Fellows Scholarship,Davidson Institute,other,https://www.davidsongifted.org/fellows-scholarship,K-12,national,free,individual,individual,annual,3,4,3,"Significant-work scholarship, any field"
3.3,Samsung Solve for Tomorrow,Samsung,other,https://www.samsung.com/us/solvefortomorrow,6-12,national,free,team,school_or_chapter,annual,3,4,3,STEM social-impact challenge
3.3,US Chess National K-12 / Grade Championships,US Chess Federation,other,https://new.uschess.org,K-12,national,paid,both,either,annual,3,4,3,Scholastic chess national championships
3.3,Conrad Challenge,Conrad Foundation,science-engineering,https://conrad.spacecenter.org,9-12,national,free,team,either,annual,3,4,3,Innovation & entrepreneurship in STEM
3.3,Envirothon,National Conservation Foundation,science-engineering,https://envirothon.org,9-12,national,free,team,school_or_chapter,annual,3,4,3,Environmental natural-resources contest
3.3,Future City Competition,DiscoverE,science-engineering,https://futurecity.org,6-8,national,paid,team,school_or_chapter,annual,3,4,3,Engineering city-design project
3.3,Genius Olympiad,Terra Science and Education,science-engineering,https://www.geniusolympiad.org,9-12,national,paid,both,either,annual,3,4,3,"Environmental-focused, multi-discipline"
3.3,HOSA-Future Health Professionals,HOSA,science-engineering,https://hosa.org,6-12,national,paid,both,school_or_chapter,annual,3,4,3,Health-science CTSO; 60+ competitive events
3.3,NASA Human Exploration Rover Challenge,NASA Marshall Space Flight Center,science-engineering,https://www.nasa.gov/learning-resources/nasa-human-exploration-rover-challenge,6-12,national,free,team,school_or_chapter,annual,3,4,3,Design/build human-powered rover; Huntsville finals
3.3,Team America Rocketry Challenge (TARC),AIA / NAR,science-engineering,https://rocketcontest.org,6-12,national,paid,team,school_or_chapter,annual,3,4,3,World's largest rocketry contest
3.3,Toshiba/NSTA ExploraVision,Toshiba / NSTA,science-engineering,https://www.exploravision.org,K-12,national,free,team,school_or_chapter,annual,3,4,3,Future-technology projection contest
3.3,U.S. National Chemistry Olympiad (USNCO),American Chemical Society,science-engineering,https://www.acs.org/education/students/highschool/olympiad.html,9-12,national,free,individual,school_or_chapter,annual,3,4,3,Chemistry olympiad; local->national
3.3,U.S. Physics Olympiad (USAPhO),American Association of Physics Teachers,science-engineering,https://www.aapt.org/physicsteam,9-12,national,free,individual,school_or_chapter,annual,3,4,3,Physics olympiad; F=ma qualifier
3.3,USA Biology Olympiad (USABO),Center for Excellence in Education,science-engineering,https://www.usabo-trc.org,9-12,national,free,individual,school_or_chapter,annual,3,4,3,Biology olympiad pipeline; Feb open exam
3.3,eCYBERMISSION,U.S. Army / NSTA,science-engineering,https://www.ecybermission.com,6-9,national,free,team,school_or_chapter,annual,3,4,3,Web-based STEM problem-solving
3.3,John Locke Institute Essay Competition,John Locke Institute,writing-essay,https://www.johnlockeinstitute.com/essay-competition,6-12,national,free,individual,individual,annual,3,4,3,Global; under-19; ten subject categories
3.3,Poetry Out Loud,National Endowment for the Arts,writing-essay,https://www.poetryoutloud.org,9-12,national,free,individual,school_or_chapter,annual,3,4,3,Recitation contest; school-to-national finals
3.3,YoungArts (Writing disciplines),National YoungArts Foundation,writing-essay,https://youngarts.org/competition,10-12,national,paid,individual,individual,annual,3,4,3,National arts awards incl. writing
3.3,National Beta Club Convention Competitions,National Beta Club,other,https://www.betaclub.org/national-convention-info/,4-12,national,paid,both,school_or_chapter,annual,3,4,3,Elementary/Junior/Senior divisions; qualify via state
3.3,MIT THINK Scholars Program,MIT TechX,science-engineering,https://think.mit.edu,9-12,virtual,free,both,individual,annual,3,4,3,Research proposal contest; funding plus MIT mentorship
3.3,Exeter Math Club Competition (EMCC),Phillips Exeter Academy Math Club,math,https://exetermathclub.com/contest,K-8,national,unknown,team,either,annual,3,4,3,Prestigious middle-school contest; January at Exeter
3.3,August Wilson New Voices Monologue Competition,True Colors Theatre,arts-music,https://truecolorstheatre.org/august-wilson-monologue-competition/,9-12,national,free,individual,individual,annual,3,4,3,~12 cities; regional winners to national finals
3.3,Educators Rising National Conference Competitions,Educators Rising (PDK International),other,https://educatorsrising.org/conference-competitions/,6-12,national,paid,both,school_or_chapter,annual,3,4,3,Future-teacher CTSO; state events feed June nationals
3.2,LifeSmarts,National Consumers League,business-entrepreneurship,https://lifesmarts.org,6-12,national,free,team,school_or_chapter,annual,2,4,5,Consumer-literacy quiz; season launches Sept
3.2,Math Open at Andover (MOAA),Phillips Academy Andover math club,math,https://andovermathopen.com,K-8,national,unknown,team,either,annual,2,4,5,Hybrid in-person plus virtual; fall date
3.2,Princeton Model United Nations Conference (PMUNC),Princeton International Relations Council,debate-speech,https://www.princetonirc.com/pmunc,9-12,national,paid,team,school_or_chapter,annual,3,3,4,Fall flagship; 1000-plus delegates; November
3.2,Boston Invitational Model United Nations (BosMUN),Boston University International Affairs Association,debate-speech,https://www.bosmun.org,9-12,national,paid,team,school_or_chapter,annual,3,3,4,2800-plus delegates; February at Copley hotels
3.2,Stanford Model United Nations Conference (SMUNC),Society for International Affairs at Stanford,debate-speech,https://smunc.org,9-12,national,paid,team,either,annual,3,3,4,November at Stanford; individuals with advisor allowed
3.2,New York City Invitational Debate and Speech Tournament,Bronx High School of Science,debate-speech,https://nyc.tabroom.com,9-12,national,paid,team,school_or_chapter,annual,3,3,4,Full speech and debate slate; October
3.2,Vocabulary Bowl,Vocabulary.com (IXL Learning),academic-bowl,https://www.vocabulary.com/bowl/,K-12,virtual,paid,team,school_or_chapter,annual,3,3,4,Online word-mastery leaderboard championship; fall and spring seasons
3.1,National German Exam,AATG,academic-bowl,https://www.nge.aatg.org,9-12,national,paid,individual,school_or_chapter,annual,2,5,3,Registration opens Oct; Title 1 grants available
3.1,National Italian Exam,AATI,academic-bowl,https://www.nationalitalianexam.org,6-12,national,paid,individual,school_or_chapter,annual,2,5,3,Medals and scholarships; spring exam
3.1,NSS Gerard K. O'Neill Space Settlement Contest,National Space Society,science-engineering,https://nss.org/nss-space-settlement-contest/,6-12,virtual,free,both,individual,annual,3,4,2,Space settlement design papers; ISDC showcase; Feb deadline
3.1,Mustang Math Tournament (MMT),Mustang Math,math,https://www.mustangmath.com/MMT2026,6-8,national,paid,team,either,annual,3,4,2,All-team format; multiple state sites; fee waivers
3.1,Stanford Invitational (speech & debate),Stanford University,debate-speech,https://stanford.tabroom.com,9-12,national,paid,team,school_or_chapter,annual,3,4,2,Online national tournament each February; TOC bids
3.1,Sala and Aron Samueli Holocaust Art & Writing Contest,Chapman University,writing-essay,https://www.chapman.edu/research/institutes-and-centers/holocaust-education/holocaust-art-and-writing-contest/index.aspx,6-12,national,free,individual,school_or_chapter,annual,3,4,2,Respond to survivor testimony; prose poetry art film
3.0,Harvard Model United Nations,Harvard International Relations Council,debate-speech,https://www.harvardmun.org,9-12,national,paid,team,school_or_chapter,annual,3,3,3,"Harvard-run MUN conference, Boston, January"
3.0,Harvard National Forensics Tournament,Harvard University,debate-speech,https://www.hnft.org,9-12,national,paid,both,school_or_chapter,annual,3,3,3,Major national invitational
3.0,National Speech & Debate Season / Original Oratory,National Speech & Debate Association,debate-speech,https://www.speechanddebate.org,9-12,national,paid,individual,school_or_chapter,annual,3,3,3,Individual speaking event
3.0,Tournament of Champions (Debate),University of Kentucky,debate-speech,https://www.tournamentofchampions.org,9-12,national,paid,both,school_or_chapter,annual,3,3,3,Elite bid tournament
3.0,Berkeley Math Tournament (BMT),UC Berkeley,math,https://bmt.berkeley.edu,6-12,national,paid,team,school_or_chapter,annual,3,3,3,University-hosted tournament
3.0,Carnegie Mellon Informatics and Mathematics Competition (CMIMC),Carnegie Mellon University,math,https://cmimc.ai,9-12,national,paid,team,school_or_chapter,annual,3,3,3,Math + CS invitational
3.0,Mu Alpha Theta National Convention,Mu Alpha Theta,math,https://mualphatheta.org,9-12,national,paid,both,school_or_chapter,annual,3,3,3,Honor-society national math event
3.0,Princeton University Mathematics Competition (PUMaC),Princeton University,math,https://pumac.princeton.edu,9-12,national,paid,team,school_or_chapter,annual,3,3,3,University-hosted invitational
3.0,Stanford Math Tournament (SMT),Stanford University,math,https://sumo.stanford.edu/smt,9-12,national,paid,team,school_or_chapter,annual,3,3,3,University invitational
3.0,NASA Student Launch,NASA,science-engineering,https://www.nasa.gov/learning-resources/nasa-student-launch/,6-12,national,free,team,school_or_chapter,annual,3,3,3,High-power rocketry; qualify via TARC/Rockets for Schools
3.0,NFTE World Series of Innovation,Network for Teaching Entrepreneurship,business-entrepreneurship,https://www.nfte.com/world-series-of-innovation,6-12,national,free,both,either,annual,2,4,4,Innovation challenges tied to goals
3.0,Coolest Projects,Raspberry Pi Foundation,computer-science,https://coolestprojects.org,K-12,national,free,both,either,annual,2,4,4,"Tech creation showcase, ages 7-18"
3.0,Hack Club / Scrapyard hackathons,Hack Club,computer-science,https://hackclub.com,6-12,national,free,both,either,rolling,2,4,4,Student-run hackathon network
3.0,World Scholar's Cup,World Scholar's Cup,other,https://www.scholarscup.org,5-12,national,paid,team,either,annual,2,4,4,"Team academic tournament, multi-subject"
3.0,BEST Robotics,"BEST Robotics, Inc.",robotics,https://www.bestrobotics.org,6-12,national,free,team,school_or_chapter,annual,2,4,4,Free six-week robotics contest
3.0,MATE ROV Competition,Marine Advanced Technology Education,robotics,https://materovcompetition.org,6-12,national,paid,team,school_or_chapter,annual,2,4,4,Underwater ROV engineering
3.0,REC Foundation Aerial Drone Competition,REC Foundation,robotics,https://www.recf.org/aerial-drone-competition,6-12,national,paid,team,school_or_chapter,annual,2,4,4,Drone piloting + autonomous
3.0,The Concord Review,The Concord Review,writing-essay,https://www.tcr.org,9-12,national,paid,individual,individual,rolling,2,4,4,Publishes high-school history essays
3.0,VFW Patriot's Pen,Veterans of Foreign Wars,writing-essay,https://www.vfw.org/community/youth-and-education/youth-scholarships,6-8,national,free,individual,either,annual,2,4,4,Middle-school patriotic essay
3.0,VFW Voice of Democracy,Veterans of Foreign Wars,writing-essay,https://www.vfw.org/community/youth-and-education/youth-scholarships,9-12,national,free,individual,either,annual,2,4,4,Audio-essay patriotic scholarship
3.0,HiMCM (High School Mathematical Contest in Modeling),COMAP,math,https://www.contest.comap.org/highschool/contests/himcm/index.html,9-12,national,paid,team,school_or_chapter,annual,2,4,4,14-day team modeling contest; Nov; MidMCM sibling for 6-8
3.0,AAN Neuroscience Research Prize,American Academy of Neurology,science-engineering,https://www.aan.com/research/neuroscience-research-prize,9-12,national,free,individual,individual,annual,2,4,4,Original neuroscience research; winners present at AAN meeting
3.0,Florida Association of Mu Alpha Theta (FAMAT),FAMAT,math,https://famat.org,6-12,state,paid,both,school_or_chapter,annual,2,4,4,Florida statewide math circuit; regionals plus state convention
3.0,PerennialMath Competitions,PerennialMath,math,https://perennialmath.com,3-8,national,paid,both,either,annual,2,4,4,Subscription league; online onsite and virtual tournaments
3.0,Columbia Model UN Conference and Exposition (CMUNCE),Columbia International Relations Council and Association,debate-speech,https://cmunce.org,9-12,national,paid,team,school_or_chapter,annual,3,3,3,Crisis-committee focus; January; financial aid offered
3.0,Heart of Texas Invitational,St. Mark's School of Texas,debate-speech,https://www.tabroom.com/index/tourn/index.mhtml?tourn_id=35840,9-12,national,paid,team,school_or_chapter,annual,3,3,3,TOC bid tournament each October in Dallas
3.0,National Young Composers Challenge,Orlando Philharmonic / UCF,arts-music,https://www.youngcomposerschallenge.org,8-12,national,free,individual,individual,annual,2,4,4,Winning works read live at Composium; ages 13-18
3.0,One Teen Story Teen Writing Contest,One Story Inc.,writing-essay,https://one-story.com/write/one-teen-story-contest/,7-12,virtual,free,individual,individual,annual,3,3,3,2000-4500 word fiction; publication prize; ages 13-19
3.0,Helen Ruffin Reading Bowl,Georgia HRRB,academic-bowl,https://www.gahrrb.org,K-12,state,free,team,either,annual,2,4,4,Georgia flagship reading bowl; four grade divisions
2.9,MATHCOUNTS Countdown / Chapter,MATHCOUNTS Foundation,math,https://www.mathcounts.org/programs/mathcounts-competition-series,6-8,state,paid,team,school_or_chapter,annual,3,2,4,Chapter-level advancement round
2.9,mathleague.org contests,mathleague.org,math,https://www.mathleague.org/hsevents.php,3-12,national,paid,both,either,annual,2,3,5,Tournament circuit Oct-Mar; nationals May; distinct from Math League Press
2.9,NASA TechRise Student Challenge,NASA / Future Engineers,science-engineering,https://www.futureengineers.org/nasatechrise,6-12,national,free,team,school_or_chapter,annual,2,3,5,Winning experiments fly on high-altitude balloons; opens Sept
2.9,ESU National Shakespeare Competition,English-Speaking Union of the US,debate-speech,https://www.esuus.org/what-we-do/shakespeare-competition/,9-12,national,unknown,individual,school_or_chapter,annual,2,3,5,Monologue and sonnet performance; NYC finals
2.9,BMUN (Berkeley Model United Nations),UC Berkeley,debate-speech,https://www.bmun.org,9-12,national,paid,team,school_or_chapter,annual,2,3,5,Oldest collegiate-run MUN conference
2.9,The Paradigm Challenge,Project Paradigm,other,https://www.projectparadigm.org,K-12,virtual,free,both,either,annual,2,3,5,Ages 4-18; five project areas; May deadline
2.9,Girls' Adventures in Math (GAIM),Math-M-Addicts,math,https://www.girlsadventuresinmath.com/the-competition,3-8,virtual,unknown,team,either,annual,2,5,2,Online comic-themed team contest for girls
2.9,Minnesota State High School Mathematics League,MN State HS Mathematics League,math,https://www.mnmathleague.org,9-12,state,paid,both,school_or_chapter,annual,2,3,5,~170 schools; five meets Nov-Feb plus state tournament
2.9,Virginia Model United Nations (VAMUN),International Relations Organization at UVA,debate-speech,https://www.vamun.org,9-12,national,paid,team,either,annual,2,3,5,November; independent delegates allowed; early deadline Aug
2.9,Just Poetry National High School Poetry Contest,Live Poets Society of New Jersey,writing-essay,https://www.highschoolpoetrycontest.com,9-12,national,free,individual,individual,rolling,2,3,5,Quarterly awards; Poet of the Year $500
2.8,Academic WorldQuest,World Affairs Councils of America,academic-bowl,https://worldaffairscouncils.org/what-we-do/academic-worldquest,9-12,national,paid,team,school_or_chapter,annual,2,4,3,"Team quiz on world affairs, geography, history"
2.8,All American High School Film Festival,AAHSFF,arts-music,https://www.hsfilmfest.com,9-12,national,paid,both,individual,annual,2,4,3,"Student film festival, NYC"
2.8,Sphinx Competition (Junior Division),Sphinx Organization,arts-music,https://www.sphinxmusic.org/sphinx-competition,6-12,national,free,individual,individual,annual,2,4,3,"Black/Latinx string players, ages 17 & under"
2.8,High School Fed Challenge,Federal Reserve Bank of New York,business-entrepreneurship,https://www.newyorkfed.org/outreach-and-education/high-school/high-school-fed-challenge,9-12,national,free,team,school_or_chapter,annual,2,4,3,Monetary-policy team analysis
2.8,National Personal Finance Challenge,Council for Economic Education,business-entrepreneurship,https://www.councilforeconed.org/national-personal-finance-challenge,9-12,national,free,team,school_or_chapter,annual,2,4,3,Personal-finance team competition
2.8,Bebras Computing Challenge (US),Bebras / CSTA,computer-science,https://www.bebras.org,3-12,national,free,individual,school_or_chapter,annual,2,4,3,Computational-thinking challenge
2.8,Model Congress / YMCA Youth & Government,YMCA,debate-speech,https://www.ymca.org/what-we-do/youth-development/youth-and-government,6-12,national,paid,both,school_or_chapter,annual,2,4,3,State-legislature simulation
2.8,National Association for Urban Debate Leagues,NAUDL,debate-speech,https://urbandebate.org,6-12,national,free,both,school_or_chapter,annual,2,4,3,Urban public-school debate network
2.8,National High School Ethics Bowl,UNC Parr Center for Ethics,debate-speech,https://nhseb.unc.edu,9-12,national,free,team,school_or_chapter,annual,2,4,3,Collaborative ethics discussion contest
2.8,Bill of Rights Institute — MyImpact Challenge,Bill of Rights Institute,history-geography-civics,https://billofrightsinstitute.org/myimpact-challenge,9-12,national,free,individual,individual,annual,2,4,3,Civic-engagement project contest
2.8,National History Bee,International Academic Competitions,history-geography-civics,https://www.historybee.com,4-12,national,paid,individual,either,annual,2,4,3,Individual history buzzer contest
2.8,National History Bowl,International Academic Competitions,history-geography-civics,https://www.historybowl.com,6-12,national,paid,team,school_or_chapter,annual,2,4,3,Team history quiz tournament
2.8,The American Legion Oratorical Contest,The American Legion,history-geography-civics,https://www.legion.org/oratorical,9-12,national,free,individual,either,annual,2,4,3,Constitution-focused speech; scholarships
2.8,United States Geography Olympiad,International Academic Competitions,history-geography-civics,https://www.usgeographyolympiad.com,4-12,national,paid,individual,either,annual,2,4,3,Geography knowledge competition
2.8,We the People: The Citizen and the Constitution,Center for Civic Education,history-geography-civics,https://www.civiced.org/wtp-the-program,9-12,national,free,team,school_or_chapter,annual,2,4,3,Constitutional-knowledge hearings
2.8,The Actuarial Foundation Modeling the Future Challenge,The Actuarial Foundation,math,https://www.mtfchallenge.org,11-12,national,free,team,either,annual,2,4,3,Actuarial data-modeling challenge
2.8,Who Wants to Be a Mathematician,American Mathematical Society,math,https://www.ams.org/wwtbam,9-12,national,free,individual,school_or_chapter,annual,2,4,3,AMS game-show contest
2.8,Future Problem Solving Program International,FPSPI,other,https://www.fpspi.org,4-12,national,paid,both,school_or_chapter,annual,2,4,3,Structured problem-solving competition
2.8,National Invention Convention and Entrepreneurship (NICE),The STEMIE Coalition,other,https://www.nationalinventionconvention.org,K-12,national,free,individual,school_or_chapter,annual,2,4,3,Invention + entrepreneurship showcase
2.8,North South Foundation Bees (spelling/math/etc.),North South Foundation,other,https://www.northsouth.org,1-12,national,paid,individual,either,annual,2,4,3,Multi-subject academic bees
2.8,National Junior Science and Humanities Symposium (JSHS),JSHS / DoD,science-engineering,https://www.jshs.org,9-12,national,free,individual,school_or_chapter,annual,2,4,3,STEM research presentation; scholarships
2.8,National Ocean Sciences Bowl,Center for Ocean Leadership,science-engineering,https://oceanleadership.org/programs/national-ocean-sciences-bowl,9-12,national,free,team,school_or_chapter,annual,2,4,3,Marine-science quiz competition
2.8,USA Brain Bee,International Brain Bee (US chapters),science-engineering,https://www.thebrainbee.org,9-12,national,free,individual,either,annual,2,4,3,Neuroscience knowledge competition
2.8,You Be The Solution Challenge,Chemical Educational Foundation in STEM,science-engineering,https://www.cefinstem.org/programs/challenge,5-8,national,free,team,school_or_chapter,annual,2,4,3,Middle-school team STEM challenge (formerly You Be The Chemist)
2.8,Ayn Rand Institute Essay Contests (Atlas Shrugged / Anthem / Fountainhead),Ayn Rand Institute,writing-essay,https://www.aynrand.org/students/essay-contests,6-12,national,free,individual,individual,annual,2,4,3,Novel-based essay contests
2.8,NACLO (North American Computational Linguistics Open),NACLO consortium,computer-science,https://naclo.org,6-12,national,free,individual,either,annual,2,4,3,Linguistics puzzles; feeds International Linguistics Olympiad team
2.8,Apple Swift Student Challenge,Apple,computer-science,https://developer.apple.com/swift-student-challenge/,9-12,virtual,free,individual,individual,annual,3,3,2,Swift app playground submissions; winners visit Cupertino
2.8,KidWind Challenge,KidWind Project,science-engineering,https://www.kidwind.org,4-12,national,unknown,team,either,annual,2,4,3,Wind-turbine and solar design; in-person and online tiers
2.8,Pegasus National Mythology Exam,Excellence Through Classics,academic-bowl,https://www.etclassics.org/Contests-Exams/Pegasus-Mythology-Exam,3-8,national,paid,individual,either,annual,2,4,3,Multiple-choice mythology exam; homeschool-friendly
2.8,Medusa Mythology Exam,Excellence Through Classics,academic-bowl,https://www.etclassics.org/Contests-Exams/Medusa-Mythology-Exam,9-12,national,paid,individual,either,annual,2,4,3,High-school mythology companion to Pegasus
2.8,Optimist International Oratorical Contest,Optimist International,debate-speech,https://www.optimist.org/member/scholarships4.cfm,K-12,national,free,individual,school_or_chapter,annual,2,4,3,Club-to-championship speech ladder; scholarships
2.8,Stossel in the Classroom Essay Contest,Stossel in the Classroom,writing-essay,https://stosselintheclassroom.org/essay-contest/,5-12,national,free,individual,either,annual,2,4,3,Economics and policy essays; March deadline
2.8,World of 8 Billion Student Video Contest,Population Connection,history-geography-civics,https://www.worldof8billion.org/video-contest/,6-12,virtual,free,both,either,annual,2,4,3,One-minute videos on population-linked challenges
2.8,Federal Junior Duck Stamp Art Contest,U.S. Fish & Wildlife Service,arts-music,https://www.fws.gov/program/junior-duck-stamp,K-12,national,free,individual,either,annual,2,4,3,Waterfowl art; state contests feed national
2.8,Massachusetts Science & Engineering Fair,Massachusetts Science & Engineering Fair Inc.,science-engineering,https://scifair.com,6-12,state,unknown,both,either,annual,2,4,3,State HS fair each April; Worcester; zFairs registration
2.8,MITRE eCTF (Embedded Capture the Flag),MITRE,computer-science,https://ectf.mitre.org,9-12,virtual,free,team,either,annual,2,4,3,Semester-long embedded security attack/defend; HS teams welcome
2.8,Johns Hopkins Math Tournament (JHMT),Johns Hopkins University students,math,https://www.johnshopkinsmathtournament.com,6-12,regional,unknown,both,either,annual,3,3,2,Separate MS and HS divisions; April at Homewood
2.8,Washington Area Model UN Conference (WAMUNC),George Washington University International Affairs Society,debate-speech,https://www.wamunc.com,9-12,national,paid,team,school_or_chapter,annual,3,3,2,DC hotel conference each March
2.8,Worldwide Plays Festival,Writopia Lab,arts-music,https://www.writopialab.org/programs/specialty-programs/worldwide-plays-festival,1-12,national,free,individual,individual,annual,2,4,3,Winning plays produced Off-Broadway with professional actors
2.7,Blue Ocean Entrepreneurship Competition,Blue Ocean,business-entrepreneurship,https://blueoceancompetition.org,9-12,national,free,team,either,annual,2,3,4,Video-pitch entrepreneurship contest
2.7,CodeDay,CodeDay (Student Rnd),computer-science,https://www.codeday.org,9-12,national,free,both,individual,rolling,2,3,4,24-hour beginner hackathons in many cities
2.7,MIT Battlecode,MIT,computer-science,https://battlecode.org,9-12,national,free,team,either,annual,2,3,4,AI programming tournament; January
2.7,National Cyber League,Cyber Skyline,computer-science,https://nationalcyberleague.org,9-12,national,paid,both,either,annual,2,3,4,Cybersecurity skills competition
2.7,The Congressional Award,Congressional Award Foundation,history-geography-civics,https://www.congressionalaward.org,7-12,national,free,individual,individual,rolling,2,3,4,Congress's youth achievement award
2.7,USA Junior National Geographic / Slingshot Challenge,National Geographic Society,other,https://www.nationalgeographic.org/society/our-programs/slingshot-challenge,6-12,national,free,both,individual,annual,2,3,4,Short-video planet-solutions challenge
2.7,VEX AI Robotics Competition,REC Foundation,robotics,https://recfoundation.net/teams/competition/vex-ai-robotics-competition,9-12,national,paid,team,school_or_chapter,annual,2,3,4,Fully autonomous dual-robot competition
2.7,World Robot Olympiad USA,World Robot Olympiad Association,robotics,https://wro-association.org,6-12,national,paid,team,school_or_chapter,annual,2,3,4,Global themed robotics challenge
2.7,We the Students Essay Contest,Bill of Rights Institute,writing-essay,https://billofrightsinstitute.org/engage/students-programs-events/scholarship,9-12,national,free,individual,individual,annual,2,3,4,Founding-principles essay scholarship
2.7,STEM Racing USA (formerly F1 in Schools),STEM Racing USA,science-engineering,https://www.stemracing.us,4-12,national,paid,team,either,annual,2,3,4,Design and race miniature F1 cars; regionals->nationals->worlds
2.7,National Classical Etymology Exam,NJCL,academic-bowl,https://www.njcl.org/Online-Exams/National-Classical-Etymology,6-12,national,paid,individual,school_or_chapter,annual,1,4,5,Latin/Greek derivatives; fall exam
2.7,World Food Prize Global Youth Institute,World Food Prize Foundation,other,https://www.worldfoodprize.org/en/youth_programs/global_youth_institute/,8-12,national,free,individual,school_or_chapter,annual,2,3,4,Food-security research paper; Borlaug Scholar track
2.7,BruinMUN,Model United Nations at UCLA,debate-speech,https://www.bruinmun.org,9-12,regional,unknown,team,school_or_chapter,annual,2,3,4,2000-plus delegates; strong novice track; November
2.7,Apple Valley MinneApple Debate Tournament,Apple Valley High School,debate-speech,https://www.tabroom.com/index/tourn/index.mhtml?tourn_id=32065,9-12,national,paid,team,school_or_chapter,annual,2,3,4,TOC octos bids LD and PF; fall
2.7,United States Open Music Competition,USOMC,arts-music,https://www.usomc.org,K-12,regional,paid,both,individual,annual,2,3,4,Competitive Bay Area event; 40-plus piano events
2.7,MasterMinds,MasterMinds (NAQT-partnered leagues),academic-bowl,https://www.nymasterminds.com,9-12,state,paid,team,school_or_chapter,annual,2,3,4,Upstate NY leagues; 12-game season; June state final
2.6,AAPT PhysicsBowl,American Association of Physics Teachers,science-engineering,https://aapt.org/programs/physicsbowl/,9-12,national,paid,both,school_or_chapter,annual,2,4,2,40-question timed physics exam; school-proctored; March-April
2.6,National Japanese Exam,AATJ,academic-bowl,https://aatj.org/national-japanese-exam/,6-12,national,paid,individual,school_or_chapter,annual,1,5,3,Online ACTFL-aligned exam; spring window
2.6,National Bible Bee,National Bible Bee,academic-bowl,https://biblebee.org,K-12,national,unknown,individual,individual,annual,3,3,1,Ages 5-18; summer study; November nationals
2.6,ILMUNC (Ivy League Model United Nations Conference),University of Pennsylvania,debate-speech,https://www.ilmunc.org,9-12,national,paid,team,school_or_chapter,annual,2,2,5,Philadelphia conference; 28 committees
2.6,YMUN (Yale Model United Nations),Yale International Relations Association,debate-speech,https://www.ymun.org,9-12,national,paid,team,school_or_chapter,annual,3,3,1,1800 delegates; enrollment capped early
2.6,Yale Invitational,Yale Debate Association,debate-speech,https://www.yaledebate.org/tournaments,9-12,national,paid,both,school_or_chapter,annual,2,2,5,Major early-season national-circuit tournament; Sept
2.6,AMVETS Americanism Program,AMVETS,writing-essay,https://www.amvets.org/americanism,K-12,national,unknown,individual,either,annual,1,5,3,Flag drawing K-1; poster 2-5; essay 6-12
2.6,Texas Science & Engineering Fair (TXSEF),Texas A&M University,science-engineering,https://txsef.tamu.edu,6-12,state,unknown,both,school_or_chapter,annual,2,4,2,~1500 finalists; qualify via ISEF-affiliated regionals
2.6,Pennsylvania Junior Academy of Science (PJAS),Pennsylvania Junior Academy of Science,science-engineering,https://pjas.org,7-12,state,paid,individual,school_or_chapter,annual,2,4,2,Oral-presentation format; 12 regions; state meet at Penn State
2.6,Georgia Science & Engineering Fair (GSEF),UGA Center for Continuing Education,science-engineering,https://www.georgiacenter.uga.edu/youth-programs/pre-collegiate-competitions/georgia-science-and-engineering-fair,6-12,state,unknown,both,school_or_chapter,annual,2,4,2,78th annual; Athens; advance from regional fairs
2.6,Illinois Junior Academy of Science State Exposition,Illinois Junior Academy of Science,science-engineering,https://www.ijas.org,7-12,state,unknown,both,school_or_chapter,annual,2,4,2,Member schools enter via regions; April expo
2.6,State Science & Engineering Fair of Florida (SSEF),Florida Foundation for Future Scientists,science-engineering,https://ssefflorida.com,6-12,state,unknown,both,school_or_chapter,annual,2,4,2,71st annual; Lakeland; advance from regionals
2.6,Ohio Academy of Science State Science Day,The Ohio Academy of Science,science-engineering,https://ssd.ohiosci.org,5-12,state,unknown,individual,school_or_chapter,annual,2,4,2,Qualify via district/regional science days; OSU venue
2.6,Girls in Math at Yale,Yale Math Competitions,math,https://www.mmaths.org/girls-in-math,9-12,national,unknown,both,either,annual,2,4,2,For girls and gender minorities; runs alongside MMATHS
2.6,UGA High School Math Tournament,University of Georgia Department of Mathematics,math,https://math.uga.edu/uga-high-school-math-tournament,9-12,regional,paid,both,school_or_chapter,annual,2,2,5,Written plus ciphering plus team rounds; October
2.6,MIT Model United Nations Conference (MITMUNC),MIT students,debate-speech,https://mitmunc.org,9-12,national,unknown,team,school_or_chapter,annual,3,3,1,Small-committee focus; February at MIT
2.6,Young Playwrights Festival,The Blank Theatre,arts-music,https://www.theblank.com/ypf,4-12,national,free,individual,individual,annual,2,4,2,12 winners get full LA productions; ages 9-19
2.6,New Voices One-Act Competition,YouthPLAYS,arts-music,https://www.youthplays.com/new_voices.php,6-12,virtual,free,individual,individual,annual,2,4,2,Winner published plus cash; submissions Jan-May
2.6,American Legion Auxiliary Americanism Essay Contest,American Legion Auxiliary,writing-essay,https://www.legion-aux.org/americanism-essay-contest,3-12,national,free,individual,either,annual,2,4,2,Patriotic theme; six grade classes plus special-needs class
2.5,Academic Games Leagues of America (AGLOA),AGLOA,academic-bowl,https://agloa.org,4-12,national,paid,both,school_or_chapter,annual,2,3,3,Strategy/knowledge games nationals
2.5,Certamen (National Junior Classical League),NJCL,academic-bowl,https://www.njcl.org,6-12,national,paid,team,school_or_chapter,annual,2,3,3,Latin/classics quiz bowl
2.5,It's Academic,It's Academic / WJLA,academic-bowl,https://www.itsacademictv.com,9-12,regional,free,team,school_or_chapter,annual,2,3,3,Televised regional quiz show
2.5,Kentucky Governor's Cup,Kentucky Association for Academic Competition,academic-bowl,https://kaac.com/governors-cup,4-12,state,paid,both,school_or_chapter,annual,2,3,3,Quick-recall + written; statewide series
2.5,NAQT Small School National Championship (SSNCT),National Academic Quiz Tournaments,academic-bowl,https://www.naqt.com/ssnct,9-12,national,paid,team,school_or_chapter,annual,2,3,3,National championship for small high schools
2.5,National All-Star Academic Tournament (NASAT),International Quiz Bowl Tournaments,academic-bowl,https://iqbtnasat.com,9-12,national,paid,team,either,annual,2,3,3,State all-star high-school quiz bowl
2.5,Scholastic Bowl (IHSA state series),state associations,academic-bowl,https://www.ihsa.org,9-12,state,paid,team,school_or_chapter,annual,2,3,3,State-run quiz bowl series
2.5,United States Academic Pentathlon,USAD,academic-bowl,https://www.usad.org/USAP,6-9,national,paid,team,school_or_chapter,annual,2,3,3,Middle-school five-event contest
2.5,WordMasters Challenge,WordMasters,academic-bowl,https://www.wordmasterschallenge.com,3-8,national,paid,individual,school_or_chapter,annual,2,3,3,Vocabulary/analogy competition
2.5,ASTA National Orchestra Festival,American String Teachers Association,arts-music,https://www.astastrings.org,6-12,national,paid,team,school_or_chapter,annual,2,3,3,School-orchestra festival/competition
2.5,DownBeat Student Music Awards,DownBeat Magazine,arts-music,https://downbeat.com/sma,6-12,national,paid,both,either,annual,2,3,3,Jazz performance/composition; MS+HS divisions
2.5,Fischoff Junior Division,Fischoff National Chamber Music Association,arts-music,https://www.fischoff.org,6-12,national,paid,team,either,annual,2,3,3,"Chamber ensembles, players 18 & under"
2.5,From the Top (young musicians showcase),From the Top,arts-music,https://www.fromthetop.org,8-12,national,free,individual,individual,rolling,2,3,3,Classical young-musician showcase
2.5,Lions International Peace Poster Contest,Lions Clubs International,arts-music,https://www.lionsclubs.org/en/resources-for-members/resource-center/peace-poster-contest,6-8,national,free,individual,school_or_chapter,annual,2,3,3,Ages 11-13 peace-themed poster; club-sponsored
2.5,MTNA Composition Competition,MTNA,arts-music,https://www.mtna.org/competitions,5-12,national,paid,individual,individual,annual,2,3,3,Student composition competition
2.5,NATS National Student Auditions,National Association of Teachers of Singing,arts-music,https://www.nats.org/national_student_auditions.html,9-12,national,paid,individual,individual,annual,2,3,3,Solo voice; region-to-national
2.5,National Film Festival for Talented Youth (NFFTY),NFFTY,arts-music,https://www.nffty.org,K-12,national,paid,both,individual,annual,2,3,3,"Youth film festival, Seattle"
2.5,The Music Center's Spotlight,The Music Center (LA),arts-music,https://www.musiccenter.org/education/spotlight,9-12,state,free,individual,individual,annual,2,3,3,Performing-arts scholarship program
2.5,Toyota Dream Car Art Contest (USA),Toyota,arts-music,https://www.toyota.com/usa/dreamcar,K-11,national,free,individual,either,annual,2,3,3,Car-themed art contest by age
2.5,Vans Custom Culture,Vans,arts-music,https://www.vans.com/en-us/custom-culture,9-12,national,free,team,school_or_chapter,annual,2,3,3,Shoe-design art competition
2.5,InvestWrite,SIFMA Foundation,business-entrepreneurship,https://www.stockmarketgame.org/investwrite.html,4-12,national,free,individual,school_or_chapter,annual,2,3,3,Investing essay contest
2.5,JA Company of the Year,Junior Achievement USA,business-entrepreneurship,https://jausa.ja.org,9-12,national,free,team,school_or_chapter,annual,2,3,3,Student-run company competition
2.5,LaunchX / Launch High School,LaunchX,business-entrepreneurship,https://launchx.com,9-12,national,paid,team,either,annual,2,3,3,Entrepreneurship program + competition
2.5,NFTE National Youth Entrepreneurship Challenge,Network for Teaching Entrepreneurship,business-entrepreneurship,https://www.nfte.com,9-12,national,free,individual,school_or_chapter,annual,2,3,3,Business-plan pitch competition
2.5,VEI (Virtual Enterprises) Youth Business Summit,Virtual Enterprises International,business-entrepreneurship,https://veinternational.org,9-12,national,paid,team,school_or_chapter,annual,2,3,3,Simulated-company business competition
2.5,Young Entrepreneurs Academy Saunders Scholars,Young Entrepreneurs Academy,business-entrepreneurship,https://yeausa.org/about/saunders-scholars,6-12,national,unknown,both,school_or_chapter,annual,2,3,3,Ages 11-18; national pitch finals at RIT
2.5,Codequest (Lockheed Martin),Lockheed Martin,computer-science,https://www.lockheedmartin.com/codequest,9-12,regional,free,team,school_or_chapter,annual,2,3,3,Team programming competition
2.5,Cyber FastTrack / National Cyber Scholarship,SANS Institute,computer-science,https://www.nationalcyberscholarship.org,9-12,national,free,individual,individual,annual,2,3,3,Cyber aptitude competition + scholarship
2.5,Cyberstart America,SANS / National Cyber Scholarship Foundation,computer-science,https://www.cyberstartamerica.org,9-12,national,free,individual,individual,annual,2,3,3,Gamified cybersecurity challenge
2.5,Games for Change Student Challenge,Games for Change,computer-science,https://www.gamesforchange.org/studentchallenge,5-12,national,free,both,school_or_chapter,annual,2,3,3,Youth game-design challenge
2.5,HP CodeWars,HP,computer-science,https://www.hp.com/codewars,9-12,regional,free,team,school_or_chapter,annual,2,3,3,Regional programming contest
2.5,HPE CodeWars,Hewlett Packard Enterprise,computer-science,https://hpecodewars.org,8-12,regional,free,team,school_or_chapter,annual,2,3,3,Timed team coding contest
2.5,Microsoft Imagine Cup Junior,Microsoft,computer-science,https://imaginecup.microsoft.com,9-12,national,free,team,school_or_chapter,annual,2,3,3,AI/tech ideation challenge
2.5,National STEM League / CoderZ League,CoderZ (Intelitek),computer-science,https://gocoderz.com,5-12,national,paid,team,school_or_chapter,annual,2,3,3,Virtual robotics/coding league
2.5,Verizon Innovative Learning App Challenge,Verizon / DiscoverE,computer-science,https://appchallenge.tsaweb.org,6-8,national,free,team,school_or_chapter,annual,2,3,3,Middle-school app-concept challenge
2.5,Barkley Forum (Emory),Emory University,debate-speech,https://www.barkleyforum.com,9-12,national,paid,both,school_or_chapter,annual,2,3,3,Prestigious national invitational
2.5,Big Questions Debate,National Speech & Debate Association,debate-speech,https://www.speechanddebate.org,9-12,national,free,both,school_or_chapter,annual,2,3,3,Philosophy/science debate; cash awards
2.5,California Invitational (Berkeley),UC Berkeley,debate-speech,https://www.calnationals.org,9-12,national,paid,both,school_or_chapter,annual,2,3,3,Large West-coast invitational
2.5,Debate: National Catholic Forensic League Grand Nationals,NCFL,debate-speech,https://www.ncfl.org,9-12,national,paid,both,school_or_chapter,annual,2,3,3,Catholic-league national tournament
2.5,Glenbrooks Speech and Debate Tournament,Glenbrook North/South HS,debate-speech,https://www.glenbrooks.com,9-12,national,paid,both,school_or_chapter,annual,2,3,3,Major Midwest invitational
2.5,Harvard Model Congress,Harvard University,debate-speech,https://www.harvardmodelcongress.org,9-12,national,paid,both,school_or_chapter,annual,2,3,3,Government simulation conference
2.5,National Christian Forensics and Communications Association (NCFCA),NCFCA,debate-speech,https://www.ncfca.org,6-12,national,paid,both,school_or_chapter,annual,2,3,3,Homeschool speech/debate league
2.5,National Junior Forensic League Championship,National Speech & Debate Association,debate-speech,https://www.speechanddebate.org,6-8,national,paid,both,school_or_chapter,annual,2,3,3,Middle-school speech/debate nationals
2.5,North American Invitational Model UN (NAIMUN),Georgetown International Relations Association,debate-speech,https://naimun.modelun.org,9-12,national,paid,team,school_or_chapter,annual,2,3,3,"Largest student-run high-school MUN, DC"
2.5,Stoa USA Speech & Debate,Stoa USA,debate-speech,https://www.stoausa.org,6-12,national,paid,both,school_or_chapter,annual,2,3,3,Christian homeschool league
2.5,World Schools Debate (US),National Speech & Debate Association,debate-speech,https://www.speechanddebate.org,9-12,national,paid,team,school_or_chapter,annual,2,3,3,Team format used at Worlds
2.5,YMCA Conference on National Affairs,YMCA,debate-speech,https://ymcacona.org,9-12,national,paid,team,school_or_chapter,annual,2,3,3,"National affairs conference, Blue Ridge NC"
2.5,Center for Civic Education / Project Citizen,Center for Civic Education,history-geography-civics,https://www.civiced.org/project-citizen,6-12,national,free,team,school_or_chapter,annual,2,3,3,Public-policy portfolio project
2.5,Prudential Emerging Visionaries (civic),Prudential / Ashoka,history-geography-civics,https://www.prudential.com/links/about/prudential-emerging-visionaries,9-12,national,free,individual,individual,annual,2,3,3,Civic/financial-impact awards
2.5,United States Senate Youth Program,Hearst Foundations,history-geography-civics,https://ussenateyouth.org,11-12,national,free,individual,school_or_chapter,annual,2,3,3,Government leadership scholarship
2.5,Bay Area Mathematical Olympiad (BAMO),MSRI/SLMath,math,https://www.bamo.org,8-12,regional,free,individual,school_or_chapter,annual,2,3,3,Regional proof olympiad
2.5,Caltech Harvey Mudd Math Competition (CHMMC),Caltech / Harvey Mudd,math,https://chmmc.caltech.edu,9-12,national,paid,team,school_or_chapter,annual,2,3,3,University invitational
2.5,Duke Math Meet (DMM),Duke University Mathematics Union,math,https://dukemathmeet.org,9-12,regional,paid,team,school_or_chapter,annual,2,3,3,Fall tournament at Duke; teams of six
2.5,Lexington Math Tournament (LMT),Lexington High School,math,https://lmt.mkhs.dev,6-12,national,free,team,school_or_chapter,annual,2,3,3,Student-run online/onsite tournament
2.5,Math Madness (areteem),Areteem Institute,math,https://www.mathmadnessonline.com,3-12,national,paid,team,school_or_chapter,annual,2,3,3,Bracket-style online team contest
2.5,Math is Cool Championships,Academics is Cool (Washington),math,https://www.academicsarecool.com,4-12,state,paid,both,school_or_chapter,annual,2,3,3,Washington regional + state Masters; teams of four
2.5,MathCON,Concept Schools,math,https://www.mathcon.org,5-12,national,paid,individual,school_or_chapter,annual,2,3,3,Online prelim -> national finals
2.5,National Assessment & Testing math contests,National Assessment & Testing,math,https://www.natassessment.com,9-12,national,paid,both,school_or_chapter,annual,2,3,3,Fast-paced timed math contests
2.5,New York City Interscholastic Mathematics League (NYCIML),NYCIML,math,https://www.nyciml.org,9-12,regional,paid,both,school_or_chapter,annual,2,3,3,NYC contest series Oct-Apr; four levels
2.5,Rocket City Math League,Virgil I. Grissom High School,math,https://www.rocketcitymath.org,6-12,national,free,individual,individual,annual,2,3,3,Free mail/online rounds
2.5,Coolidge Scholarship,Coolidge Foundation,other,https://coolidgescholars.org,11-11,national,free,individual,individual,annual,2,3,3,Full-ride merit scholarship + debate
2.5,Lemelson-MIT / InvenTeams,Lemelson-MIT Program,other,https://lemelson.mit.edu/inventeams,9-12,national,free,team,school_or_chapter,annual,2,3,3,High-school invention grants/contest
2.5,Rube Goldberg Machine Contest,Rube Goldberg Institute,other,https://www.rubegoldberg.org,K-12,national,paid,team,school_or_chapter,annual,2,3,3,Overengineered-machine build contest
2.5,BotBall Educational Robotics,KISS Institute for Practical Robotics,robotics,https://www.botball.org,6-12,national,paid,team,school_or_chapter,annual,2,3,3,Autonomous robotics program
2.5,FIRST Global Challenge (US team),FIRST Global,robotics,https://first.global,9-12,national,paid,team,school_or_chapter,annual,2,3,3,International robotics olympics
2.5,FIRST LEGO League Discover,FIRST,robotics,https://www.firstinspires.org/robotics/fll/discover,PreK-1,national,paid,team,school_or_chapter,annual,2,3,3,Play-based early-elementary robotics (ages 4-6)
2.5,RoboCupJunior US,RoboCup,robotics,https://robocupjunioramerica.org,6-12,national,free,team,school_or_chapter,annual,2,3,3,Soccer/rescue/dance robotics
2.5,Robofest,Lawrence Technological University,robotics,https://www.robofest.net,4-12,national,paid,team,school_or_chapter,annual,2,3,3,Autonomous robotics competition
2.5,SeaPerch / RoboNation SeaPerch Challenge,RoboNation,robotics,https://seaperch.org,5-12,national,paid,team,school_or_chapter,annual,2,3,3,Underwater robotics build
2.5,TSA VEX Robotics / TSA Robotics,Technology Student Association,robotics,https://tsaweb.org,6-12,national,paid,team,school_or_chapter,annual,2,3,3,Robotics events within TSA
2.5,Wonder League Robotics Competition,Wonder Workshop,robotics,https://www.makewonder.com/robotics-competition,1-8,national,free,team,school_or_chapter,annual,2,3,3,Elementary coding robotics
2.5,Zero Robotics,MIT / NASA,robotics,https://zerorobotics.mit.edu,6-12,national,free,team,school_or_chapter,annual,2,3,3,Program satellites on the ISS
2.5,BioGENEius Challenge,Biotechnology Institute,science-engineering,https://biotechinstitute.org/programs/biogeneius,9-12,national,free,individual,individual,annual,2,3,3,Biotech research competition
2.5,California Science and Engineering Fair,University of Southern California,science-engineering,https://csef.usc.edu,6-12,state,free,both,school_or_chapter,annual,2,3,3,State ISEF-affiliated fair; feeds Regeneron ISEF
2.5,Junior Solar Sprint,Army Educational Outreach Program,science-engineering,https://www.jss.usaeop.com,6-8,national,free,team,school_or_chapter,annual,2,3,3,Solar model-car engineering
2.5,National STEM Challenge,EXPLR / US Dept of Education partners,science-engineering,https://www.thestemchallenge.org,6-12,national,free,individual,school_or_chapter,annual,2,3,3,National STEM project showcase
2.5,Real World Design Challenge,RWDC,science-engineering,https://www.realworlddesignchallenge.org,9-12,national,free,team,school_or_chapter,annual,2,3,3,Aviation/engineering design
2.5,Solar Car Challenge,Solar Car Challenge Foundation,science-engineering,https://www.solarcarchallenge.org,9-12,national,paid,team,school_or_chapter,annual,2,3,3,Solar-powered car race
2.5,Stockholm Junior Water Prize (US),Water Environment Federation,science-engineering,https://www.wef.org/sjwp,9-12,national,free,both,either,annual,2,3,3,Water-research project prize
2.5,Supermileage / Shell Eco-marathon Americas,Society of Automotive Engineers / Shell,science-engineering,https://www.makethefuture.shell/en-us/shell-eco-marathon,9-12,national,paid,team,school_or_chapter,annual,2,3,3,Fuel-efficiency vehicle challenge
2.5,"TEAMS (Tests of Engineering Aptitude, Math, Science)",Technology Student Association,science-engineering,https://teams.tsaweb.org,6-12,national,paid,team,school_or_chapter,annual,2,3,3,Engineering scenario challenge
2.5,USA National Astronomy Competition / Astronomy Olympiad,US Astronomy & Astrophysics Organization,science-engineering,https://usaaao.org,9-12,national,free,individual,individual,annual,2,3,3,Astronomy/astrophysics olympiad
2.5,iGEM (International Genetically Engineered Machine) High School,iGEM Foundation,science-engineering,https://igem.org,9-12,national,paid,team,school_or_chapter,annual,2,3,3,Synthetic-biology project competition
2.5,Bennington College Young Writers Awards,Bennington College,writing-essay,https://www.bennington.edu/events/young-writers-awards,9-12,national,free,individual,individual,annual,2,3,3,Poetry/fiction/nonfiction awards
2.5,DAR American History Essay Contest,Daughters of the American Revolution,writing-essay,https://www.dar.org/national-society/education/essay-contests,5-8,national,free,individual,school_or_chapter,annual,2,3,3,American-history essay by grade
2.5,Kenyon Review Patricia Grodd Poetry Prize,The Kenyon Review,writing-essay,https://kenyonreview.org/submit/patricia-grodd,10-11,national,free,individual,individual,annual,2,3,3,Free poetry prize for sophomores/juniors
2.5,NCTE Promising Young Writers,National Council of Teachers of English,writing-essay,https://ncte.org/awards/promising-young-writers,8-8,national,free,individual,school_or_chapter,annual,2,3,3,Grade-8 teacher-nominated writing award
2.5,National Council of Teachers of English Achievement Awards,NCTE,writing-essay,https://ncte.org/awards,11-12,national,free,individual,school_or_chapter,annual,2,3,3,Writing recognition program
2.5,Optimist International Essay Contest,Optimist International,writing-essay,https://www.optimist.org/member/scholarships3.cfm,K-12,national,free,individual,either,annual,2,3,3,Club-sponsored essay scholarship
2.5,Signet Classics Student Scholarship Essay Contest,Penguin Random House,writing-essay,https://www.penguinrandomhouse.com/pages/signet-classics-scholarship-essay-contest,11-12,national,free,individual,individual,annual,2,3,3,Literature essay scholarship
2.5,Genes in Space,Boeing / miniPCR bio,science-engineering,https://www.genesinspace.org,7-12,national,free,both,individual,annual,2,3,3,Propose DNA experiments; winner flies to ISS
2.5,National Trumpet Competition,National Trumpet Competition,arts-music,https://nationaltrumpetcomp.org,5-12,national,paid,both,individual,annual,2,3,3,Junior and HS solo/ensemble divisions; video prelims
2.5,Braille Challenge,Braille Institute,other,https://brailleinstitute.org/braille-challenge,1-12,national,unknown,individual,either,annual,2,3,3,Blind/low-vision students; 70 regionals; USC finals
2.5,Terra NYC STEM Fair,Terra Science and Education,science-engineering,https://tnycfair.org,9-12,regional,paid,both,individual,annual,2,3,3,Sole ISEF-affiliated HS fair for NYC five boroughs
2.5,President's Environmental Youth Award (PEYA),US EPA,science-engineering,https://www.epa.gov/education/presidents-environmental-youth-award-peya,K-12,national,free,both,either,annual,2,3,3,Presidential award for completed environmental stewardship projects
2.5,Log1 Contest,Mu Alpha Theta,math,https://mualphatheta.org/national-log-1-contest,9-12,national,unknown,individual,school_or_chapter,annual,2,3,3,Three rounds via chapters; returns 2026-27 per official page
2.5,Chicago International Model United Nations (CIMUN),MUNDO / IDEA,debate-speech,https://www.cimun.org,9-12,national,unknown,team,school_or_chapter,annual,2,3,3,Integrated crisis simulation; December at Fairmont Chicago
2.5,Rutgers Model United Nations (RUMUN),Institute for Domestic & International Affairs at Rutgers,debate-speech,https://www.rumun.net,9-12,national,unknown,team,school_or_chapter,annual,2,3,3,Four-day conference since 1992; November
2.5,Harlan Institute Virtual Supreme Court Competition,Harlan Institute,history-geography-civics,https://harlaninstitute.org/virtual-supreme-court/,9-12,virtual,free,team,individual,annual,2,3,3,Appellate briefs plus video oral argument; DC championship
2.5,VHSL Scholastic Bowl,Virginia High School League,academic-bowl,https://www.vhsl.org/scholastic-bowl/,9-12,state,paid,team,school_or_chapter,annual,2,3,3,Virginia official league; NAQT questions; six classifications
2.4,StellarXplorers,Air & Space Forces Association,science-engineering,https://www.stellarxplorers.org,6-12,virtual,paid,team,school_or_chapter,annual,1,3,5,Space-system design; registration closes mid-Oct
2.4,UAS4STEM,Academy of Model Aeronautics,robotics,https://www.amaflightschool.org/programs/uas4stem-drone-challenge,6-12,national,paid,team,either,annual,1,3,5,Quadcopter search-and-rescue missions; finals at AirVenture
2.4,Cubes in Space,idoodledu inc.,science-engineering,https://www.cubesinspace.com,6-12,virtual,unknown,both,either,annual,2,2,4,Experiments fly on NASA sounding rocket or balloon
2.4,Texas A&M High School Mathematics Contest,Texas A&M Department of Mathematics,math,https://artsci.tamu.edu/mathematics/outreach/programs/index.html,9-12,regional,unknown,individual,either,annual,2,2,4,30-plus-year annual November contest
2.4,World Historian Student Essay Competition,World History Association,history-geography-civics,https://members.thewha.org/page/world_historian_student_essay,K-12,national,free,individual,individual,annual,2,4,1,1000-word world history essay; $500 prize
2.4,We The Future Contest,Constituting America,history-geography-civics,https://constitutingamerica.org/contest-categories-new/,K-12,virtual,free,individual,individual,annual,2,4,1,Essays songs films PSAs on the Constitution
2.3,National Greek Exam,American Classical League,academic-bowl,https://www.aclclassics.org/Exams/National-Greek-Exam,6-12,national,paid,individual,school_or_chapter,annual,1,4,3,Ancient Greek; four levels
2.3,Los Angeles County Science & Engineering Fair,LACSEF / LA County Office of Education,science-engineering,https://lascifair.org,6-12,regional,unknown,both,school_or_chapter,annual,2,3,2,76th annual; largest-county fair; Shrine Expo Hall
2.3,Science & Engineering Fair of Metropolitan Detroit (SEFMD),SEFMD Inc.,science-engineering,https://www.sefmd.org,6-12,regional,unknown,both,school_or_chapter,annual,2,3,2,Huntington Place Detroit; also hosts Michigan Science Fair
2.3,International Bridge Building Contest,International Bridge Building Committee,science-engineering,http://bridgecontest.phys.iit.edu,9-12,national,paid,individual,school_or_chapter,annual,2,3,2,Model basswood bridge efficiency; regional qualifiers; Chicago finals
2.3,MMATHS,Yale Math Competitions + partner universities,math,https://www.mmaths.org/mmaths,9-12,national,unknown,both,either,annual,2,3,2,Multi-university satellite model; individual plus team rounds
2.3,North Carolina State Mathematics Contest,NC universities consortium,math,https://sites.google.com/site/statemathcontest/,9-12,state,free,individual,school_or_chapter,annual,2,3,2,Statewide qualifying ladder; university-hosted finals
2.3,John Edie Holiday Debates,The Blake School,debate-speech,https://blake.tabroom.com,9-12,national,paid,team,school_or_chapter,annual,2,3,2,December tournament; TOC bid levels in LD PF CX
2.3,NFPW High School Communications Contest,National Federation of Press Women,arts-music,https://www.nfpw.org/high-school-contest,9-12,national,paid,individual,either,annual,1,4,3,23 categories; state affiliates feed national
2.3,ARTEFFECT,Lowell Milken Center for Unsung Heroes,arts-music,https://www.arteffectlmc.org,6-12,national,free,individual,individual,annual,2,3,2,Art depicting Unsung Heroes; $15k-plus prizes
2.3,SPJ/JEA High School Essay Contest,Society of Professional Journalists,writing-essay,https://www.spj.org/high-school-essay-contest/,9-12,national,paid,individual,individual,annual,2,3,2,Free-press themed essay; scholarships; homeschool eligible
2.3,Ohio Academic Competition,OAC Committee,academic-bowl,https://www.ohioacademiccompetition.com,9-12,state,paid,team,school_or_chapter,annual,2,3,2,Ohio state quiz bowl; qualify via 6 regionals
2.3,Michigan High School Quiz Bowl State Championship,Michigan Quiz Bowl Association,academic-bowl,https://miqba.org,9-12,state,paid,team,school_or_chapter,annual,2,3,2,Unified state championship at MSU; NAQT questions
2.2,National Dance / YoungArts dance discipline,National YoungArts Foundation,arts-music,https://youngarts.org/competition,10-12,national,paid,individual,individual,annual,2,2,3,National awards in dance
2.2,Extemporaneous Speaking (NSDA),National Speech & Debate Association,debate-speech,https://www.speechanddebate.org,9-12,national,paid,individual,school_or_chapter,annual,2,2,3,Impromptu current-events speech event
2.2,Regeneron Biology Olympiad Open Exam,Center for Excellence in Education,science-engineering,https://www.usabo-trc.org,9-12,national,free,individual,school_or_chapter,annual,2,2,3,USABO first-round open exam
2.2,Verizon Innovative Learning Emerging Innovators,Verizon,science-engineering,https://www.verizon.com/learning,6-12,national,free,team,school_or_chapter,annual,2,2,3,STEM/social-impact challenge
2.2,Plant the Moon Challenge,Institute of Competition Sciences,science-engineering,https://www.plantthemoon.com,K-12,virtual,unknown,team,either,annual,1,3,4,Grow crops in lunar/Martian regolith simulant
2.2,Electrathon America,Electrathon America,science-engineering,https://www.electrathonamerica.org,9-12,national,paid,team,either,annual,1,3,4,Build and race efficient electric vehicles
2.2,GAMA Aviation Design Challenge,General Aviation Manufacturers Association,science-engineering,https://gama.aero/opportunities-in-ga/aviation-challenge/,9-12,national,free,team,school_or_chapter,annual,1,3,4,Modify aircraft design in X-Plane; capped at 150 schools
2.2,NIETOC (National Individual Events Tournament of Champions),NIETOC,debate-speech,https://nietoc.org,9-12,national,paid,both,school_or_chapter,annual,2,2,3,Bid-qualification speech nationals; interp and oratory events
2.2,FRA Americanism Essay Contest,Fleet Reserve Association,writing-essay,https://www.fra.org/fra/Web/Web/Content/Essay_Contest.aspx,7-12,national,free,individual,individual,annual,1,3,4,350-word patriotic essay; Dec deadline
2.2,Manningham Student Poetry Awards,National Federation of State Poetry Societies,writing-essay,https://nfsps.net/manningham-student-poetry-contest,6-12,national,free,individual,individual,annual,1,3,4,Junior and senior divisions; ten cash prizes each
2.1,ASA Data Visualization Poster Competition,American Statistical Association,math,https://www.amstat.org/education/asa-data-visualization-poster-competition-for-grades-k-12-,K-12,national,free,both,either,annual,1,4,2,Statistics posters; four grade divisions; April deadline
2.1,National Chinese Speech Contest,AAICE,academic-bowl,https://www.chinesespeechcontest.com,K-12,national,unknown,individual,either,annual,1,4,2,Mandarin speech; April national finals
2.1,Ocean Awareness Contest,Bow Seat Programs,arts-music,https://bowseat.org/programs/ocean-awareness-contest/,6-12,virtual,free,both,either,annual,2,3,1,Art; writing; film; music on ocean themes; ages 11-18
2.1,Project Green Challenge,Turning Green,other,https://projectgreenchallenge.com,9-12,virtual,free,both,individual,annual,1,2,5,30 daily eco challenges each October
2.1,North Carolina Science & Engineering Fair (NCSEF),NC Science & Engineering Fair,science-engineering,https://ncsef.org,3-12,state,unknown,both,school_or_chapter,annual,1,4,2,State fair at NC State; 8 regional feeders
2.1,AAPT High School Physics Photo Contest,American Association of Physics Teachers,science-engineering,https://www.aapt.org/Programs/photocontest/,9-12,national,free,individual,school_or_chapter,annual,2,3,1,Physics-of-everyday-life photo plus essay; school-capped entries
2.1,Penn Model Congress,Model Congress at Penn,debate-speech,https://www.pennmodelcongress.org,9-12,national,unknown,team,school_or_chapter,annual,2,3,1,Spring conference in Philadelphia
2.1,Embracing Our Differences,Embracing Our Differences Inc.,arts-music,https://www.embracingourdifferences.org,K-12,national,free,individual,individual,annual,2,3,1,Billboard-size art exhibit; Best-in-Show student award
2.0,MSHSAA Scholar Bowl,Missouri State High School Activities Association,academic-bowl,https://www.mshsaa.org,9-12,state,paid,team,school_or_chapter,annual,1,3,3,Missouri state-series buzzer competition
2.0,Quiz Bowl — Knowledge Master Open,Academic Hallmarks,academic-bowl,https://www.greatauk.com,6-12,national,paid,team,school_or_chapter,annual,1,3,3,Computer-based quiz competition
2.0,Cooper International Competition (violin/piano),Oberlin Conservatory,arts-music,https://www.oberlin.edu/cooper-competition,9-12,national,paid,individual,individual,annual,1,3,3,Pre-college classical competition
2.0,Stulberg International String Competition,Stulberg,arts-music,https://stulberg.org,6-12,national,paid,individual,individual,annual,1,3,3,Strings; age 19 & under
2.0,The American Prize,The American Prize,arts-music,https://theamericanprize.org,9-12,national,paid,both,individual,annual,1,3,3,Performing-arts competitions by category
2.0,DAR Christopher Columbus Essay Contest,Daughters of the American Revolution,history-geography-civics,https://www.dar.org/national-society/education/essay-contests,9-12,national,free,individual,school_or_chapter,annual,1,3,3,Columbus-themed essay; co-sponsored with NIAF
2.0,Elks Americanism Essay Contest,Elks USA,history-geography-civics,https://www.elks.org/programs/americanism.cfm,5-8,national,free,individual,school_or_chapter,annual,1,3,3,Grades 5-8 patriotic essay; lodge-submitted
2.0,International Geography Bee (US),International Academic Competitions,history-geography-civics,https://www.geographybee.com,4-12,national,paid,individual,either,annual,1,3,3,Geography buzzer competition
2.0,National World War II Museum student essay/challenge,National WWII Museum,history-geography-civics,https://www.nationalww2museum.org/students-teachers,6-12,national,free,individual,individual,annual,1,3,3,WWII-history student contest
2.0,SAR Knight Essay Contest,Sons of the American Revolution,history-geography-civics,https://www.sar.org/education/knight-essay-contest,9-12,national,free,individual,either,annual,1,3,3,Essay on Revolution/Constitution; cash awards
2.0,SAR Rumbaugh Historical Oration Contest,Sons of the American Revolution,history-geography-civics,https://www.sar.org/education/rumbaugh-oration-contest,9-12,national,free,individual,either,annual,1,3,3,Original oration on Revolutionary War topic
2.0,US History Bee,International Academic Competitions,history-geography-civics,https://www.historybee.com,4-12,national,paid,individual,either,annual,1,3,3,US-history buzzer contest
2.0,Caring for Our Watersheds,Nutrien,other,https://www.caringforourwatersheds.com,9-12,regional,free,both,school_or_chapter,annual,1,3,3,Environmental solutions contest
2.0,National Academic League,National Academic League,other,https://nationalacademicleague.org,4-12,national,paid,team,school_or_chapter,annual,1,3,3,"Team academic competition, all subjects"
2.0,SpellPundit National Spelling Bee,SpellPundit,other,https://spellpundit.com,K-8,national,paid,individual,individual,annual,1,3,3,Online spelling championship
2.0,Junior Botball Challenge,KISS Institute for Practical Robotics,robotics,https://www.kipr.org/jr-botball,K-8,national,paid,team,school_or_chapter,annual,1,3,3,Elementary/middle autonomous robotics
2.0,National Robotics Challenge,National Robotics Challenge,robotics,https://www.thenrc.org,6-12,national,paid,team,school_or_chapter,annual,1,3,3,Open-format robotics contest
2.0,National Robotics League,National Tooling & Machining Association,robotics,https://gonrl.org,6-12,regional,paid,team,school_or_chapter,annual,1,3,3,Combat robots; 15-lb; manufacturer-partnered
2.0,Spellman High Voltage Electronics Clean Tech Competition,Center for Science Teaching and Learning,science-engineering,https://www.cstl.org/cleantech,9-12,national,free,both,either,annual,1,3,3,Green-tech research competition
2.0,American Foreign Service National High School Essay Contest,AFSA,writing-essay,https://afsa.org/essay-contest,9-12,national,free,individual,individual,annual,1,3,3,Diplomacy-themed essay
2.0,EngineerGirl Writing Contest,National Academy of Engineering,writing-essay,https://www.engineergirl.org/writing-contest,3-12,national,free,individual,individual,annual,1,3,3,STEM-themed essay contest
2.0,Sejong Writing Competition,Sejong Cultural Society,writing-essay,https://www.sejongculturalsociety.org/writing,K-12,national,free,individual,individual,annual,1,3,3,US/Canada; sijo poetry and essay tracks
2.0,The Adroit Prizes for Poetry & Prose,The Adroit Journal,writing-essay,https://theadroitjournal.org/prizes,9-12,national,paid,individual,individual,annual,1,3,3,Secondary/undergrad writing prize
2.0,IM2C (International Mathematical Modeling Challenge) US,COMAP / NeoUnion ESC,math,https://immchallenge.org,9-12,national,unknown,team,school_or_chapter,annual,1,3,3,Teams of four; US national selection; starts Feb
2.0,Trig-Star,National Society of Professional Surveyors,math,https://trig-star.com,9-12,national,free,individual,school_or_chapter,annual,1,3,3,Timed trigonometry test; school->state->national
2.0,USIYPT (US Invitational Young Physicists Tournament),USAYPT,science-engineering,https://www.usaypt.org,9-12,national,paid,team,school_or_chapter,annual,1,3,3,Year-long research problems defended in physics fights
2.0,NFMC Junior Competitions & Awards,National Federation of Music Clubs,arts-music,https://www.nfmc-music.org/competitions-awards/,K-12,national,paid,individual,school_or_chapter,annual,1,3,3,Piano; strings; voice; composition; membership required
2.0,Chicago Public Schools Student Science Fair,CPS Student Science Fair Inc.,science-engineering,https://cpsstemfair.org,7-12,regional,free,both,school_or_chapter,annual,1,3,3,76th citywide exhibition at Griffin Museum of Science and Industry
2.0,Claudia Ann Seaman Awards,Polyphony Lit,writing-essay,https://www.polyphonylit.org/claudia-ann-seaman-awards,9-12,virtual,free,individual,individual,annual,1,3,3,Poetry fiction creative nonfiction; editorial feedback
1.9,TYE Global (TiE Young Entrepreneurs),TiE,business-entrepreneurship,https://tyeglobal.org,9-12,national,unknown,team,individual,annual,1,2,4,Chapter-based startup program; June global finals
1.8,U.S. Earth Science Olympiad (USESO),United States Earth Science Organization,science-engineering,https://www.useso.org,9-12,national,free,individual,individual,annual,1,3,2,Open exam selects US team for IESO
1.8,David McCullough Essay Prizes,Gilder Lehrman Institute,history-geography-civics,https://www.gilderlehrman.org/student-opportunities/david-mccullough-essay-prizes,9-12,national,free,individual,school_or_chapter,annual,2,2,1,American history essays; affiliate schools only
1.8,South Asian Spelling Bee,South Asian Engagement Foundation,other,https://www.southasianspellingbee.com,K-8,virtual,unknown,individual,individual,annual,2,2,1,Virtual regionals; televised June finals
1.8,Washington State Science & Engineering Fair (WSSEF),WSSEF,science-engineering,https://wssef.org,1-12,state,unknown,both,either,annual,1,3,2,Grades 1-8 and 9-12 days; direct entry allowed
1.8,Colorado Science and Engineering Fair,Colorado State Science Fair Inc. / CSU,science-engineering,https://csef.natsci.colostate.edu,6-12,state,unknown,both,school_or_chapter,annual,1,3,2,Held at Colorado State University each April
1.8,Arizona Science & Engineering Fair (AzSEF),Arizona Science Center,science-engineering,https://www.azscience.org/visit/events/arizona-science-engineering-fair-azsef/,5-12,state,unknown,both,school_or_chapter,annual,1,3,2,Winners from school/district/regional fairs; ISEF pathway
1.8,Minnesota State Science & Engineering Fair,Minnesota Academy of Science,science-engineering,https://www.mnmas.org/about-science-engineering-fair,6-12,state,unknown,both,school_or_chapter,annual,1,3,2,Advance from regional fairs; St. Paul venue
1.8,Virginia State Science & Engineering Fair (VSSEF),VSSEF committee,science-engineering,https://vssef.org,9-12,state,unknown,both,school_or_chapter,annual,1,3,2,Rotating host; qualify via Virginia regional fairs
1.8,Jersey Shore Science Fair,Stockton University,science-engineering,https://stockton.edu/jssf/,6-12,regional,unknown,both,school_or_chapter,annual,1,3,2,51st annual; southern NJ ISEF affiliate
1.8,New York State Science & Engineering Fair (NYSSEF),NYSSEF,science-engineering,https://www.nyssef.org,6-12,state,unknown,both,school_or_chapter,annual,1,3,2,Virtual round then in-person finals at NY Hall of Science
1.8,Connecticut Science & Engineering Fair,Connecticut Science & Engineering Fair Inc.,science-engineering,https://ctsciencefair.org,7-12,state,unknown,both,school_or_chapter,annual,1,3,2,Annual March fair at Quinnipiac University
1.8,National Land and Range Judging Contest,Oklahoma Association of Conservation Districts / NRCS,science-engineering,https://www.okconservation.org/national-land-and-range-judging,9-12,national,paid,team,school_or_chapter,annual,2,2,1,Soil and range evaluation finals; 32 states
1.8,Federal Bar Association Civics Essay Contest,Federal Bar Association,history-geography-civics,https://www.fedbar.org/about-us/outreach/civics-essay-contest/,9-12,national,free,individual,individual,annual,1,3,2,Case-based constitutional prompt; scholarship prizes
1.7,National Latin Bee,National Latin Bee,academic-bowl,https://www.nationallatinbee.com,6-12,national,paid,individual,either,annual,1,2,3,Latin knowledge buzzer contest
1.7,National Quiz Bowl Championships (Questions Unlimited),Questions Unlimited,academic-bowl,https://www.qub.us,6-12,national,paid,team,school_or_chapter,annual,1,2,3,Quiz-bowl championship series
1.7,Celebrating Art student poetry & art anthology,Celebrating Art,arts-music,https://www.celebratingart.com,K-12,national,free,individual,individual,rolling,1,2,3,Youth art/poetry anthology contest
1.7,INCubatoredu National Pitch,Uncharted Learning,business-entrepreneurship,https://www.unchartedlearning.org,9-12,national,free,team,school_or_chapter,annual,1,2,3,INCubatoredu member schools nominate one team
1.7,PClassic (Penn),University of Pennsylvania,computer-science,https://pclassic.org,9-12,regional,free,team,school_or_chapter,annual,1,2,3,Beginner-friendly programming contest
1.7,Kids Philosophy Slam,Kids Philosophy Slam,other,https://www.philosophyslam.org,K-12,national,paid,individual,school_or_chapter,annual,1,2,3,"Philosophy essay/art contest, all ages"
1.7,RoboRAVE International,RoboRAVE,robotics,https://roborave.org,3-12,national,paid,team,school_or_chapter,annual,1,2,3,Challenge-based robotics event
1.7,Jane Austen Society of North America Essay Contest,JASNA,writing-essay,https://jasna.org/programs/essay-contest,9-12,national,free,individual,individual,annual,1,2,3,Austen-literature essay
1.7,Leonard M. Milberg '53 High School Poetry Prize,Princeton University,writing-essay,https://arts.princeton.edu/about/opportunities/high-school-contests,11-11,national,free,individual,individual,annual,1,2,3,Poetry prize for juniors
1.7,Nancy Thorp Poetry Contest,Hollins University,writing-essay,https://www.hollins.edu/nancy-thorp,10-11,national,free,individual,individual,annual,1,2,3,Poetry contest for girls
1.7,Princeton Ten-Minute Play Contest,Princeton University,writing-essay,https://arts.princeton.edu/about/opportunities/high-school-contests,11-11,national,free,individual,individual,annual,1,2,3,Playwriting prize for juniors
1.7,Rattle Young Poets Anthology,Rattle Foundation,writing-essay,https://www.rattle.com/rya,K-12,national,free,individual,individual,annual,1,2,3,Youth-poetry anthology contest
1.7,River of Words / youth environmental poetry & art,The Center for Environmental Literacy,writing-essay,https://www.stmarys-ca.edu/river-of-words,K-12,national,free,individual,school_or_chapter,annual,1,2,3,Environment poetry/art contest
1.7,North American School Scrabble Championship,North American School Scrabble,other,https://www.northamericanschoolscrabble.com,3-12,national,unknown,both,either,annual,1,2,3,Two-person teams; April championship in DC
1.7,NSCDA Congressional Seminar Essay Contest,National Society of The Colonial Dames of America,history-geography-civics,https://www.ncdames.org/the-congressional-seminar-essay-contest,10-12,national,free,individual,either,annual,1,2,3,750-word government essay; DC seminar scholarships
1.7,Finance & Investment Challenge Bowl,Asset Builders of America,business-entrepreneurship,https://ficbonline.org,9-12,regional,free,team,school_or_chapter,annual,1,2,3,Wisconsin-centered financial literacy quiz tournament
1.5,The Junior Academy,New York Academy of Sciences,other,https://www.nyas.org/learning/high-school-research-programs/the-junior-academy/,8-12,virtual,free,team,individual,annual,1,2,2,Ages 13-17; global team innovation challenges
1.5,Michigan Math Meet,University of Michigan undergraduates,math,https://michiganmathmeet.org,9-12,regional,paid,both,either,annual,1,2,2,Ann Arbor campus meet each April
1.5,Pennsylvania State Academic Competition,Chester County Intermediate Unit,academic-bowl,https://www.cciu.org/state-competition,9-12,state,free,team,school_or_chapter,annual,1,2,2,20 teams at PA Capitol; scholarship prizes
