rank,name,category,verdict,requested_url,final_url,redirected_to_root,competition_signals,homepage_signals,problem
1,Scholastic Art & Writing Awards (Art),arts-music,PROGRAM,https://www.artandwriting.org/awards,https://www.artandwriting.org/awards/,,eligibility how-to-enter grade-band plausible-year,donate,
2,AMC 10,math,PROGRAM,https://maa.org/student-programs/amc,https://maa.org/student-programs/amc/,,registration deadline eligibility dates-block qualifying grade-band plausible-year,donate membership about-us,
3,MATHCOUNTS Competition Series,math,PROGRAM,https://www.mathcounts.org/programs/mathcounts-competition-series,https://www.mathcounts.org/programs/mathcounts-competition-series,,registration rules grade-band plausible-year,donate governance,
4,FIRST Robotics Competition (FRC),robotics,PROGRAM,https://www.firstinspires.org/programs/frc/get-started,https://www.firstinspires.org/programs/frc/get-started,,registration fee grade-band plausible-year,donate careers annual-report,
5,NSDA National Speech & Debate Tournament,debate-speech,PROGRAM,https://www.speechanddebate.org/nationals,https://www.speechanddebate.org/national-tournament-2026/,,registration how-to-enter qualifying grade-band plausible-year,donate membership newsroom,
6,Math Kangaroo,math,PROGRAM,https://mathkangaroo.org,https://mathkangaroo.org/mks/,,registration submission grade-band plausible-year,donate about-us newsroom,
7,Scripps National Spelling Bee,other,PROGRAM,https://spellingbee.com/rules,https://spellingbee.com/rules,,eligibility rules qualifying plausible-year,donate,
8,Regeneron International Science and Engineering Fair (ISEF),science-engineering,PROGRAM,https://www.societyforscience.org/isef,https://www.societyforscience.org/isef/,,registration rules grade-band plausible-year,donate about-us newsroom annual-report,
9,Regeneron Science Talent Search (STS),science-engineering,PROGRAM,https://www.societyforscience.org/regeneron-sts,https://www.societyforscience.org/regeneron-sts/,,deadline eligibility how-to-enter dates-block rules grade-band plausible-year,donate about-us newsroom annual-report,
10,Science Olympiad,science-engineering,PROGRAM,https://www.soinc.org/play/tournaments,https://www.soinc.org/play/tournaments,,registration rules qualifying plausible-year,donate careers,
11,Congressional App Challenge,computer-science,PROGRAM,https://www.congressionalappchallenge.us/students/rules,https://www.congressionalappchallenge.us/students/rules/,,registration deadline eligibility dates-block submission grade-band plausible-year,donate about-us careers,
12,CyberPatriot National Youth Cyber Defense Competition,computer-science,UNREACHABLE,https://www.uscyberpatriot.org,,,,,robots.txt disallows fetching https://www.uscyberpatriot.org/ for our user-agent
13,USA Computing Olympiad (USACO),computer-science,THIN,https://usaco.org/index.php?page=contests,https://usaco.org/index.php?page=contests,,registration plausible-year,about-us,
14,FIRST LEGO League Challenge,robotics,PROGRAM,https://www.firstinspires.org/programs/fll/get-started,https://www.firstinspires.org/programs/fll/get-started,,registration fee grade-band plausible-year,donate careers annual-report,
15,FIRST Tech Challenge (FTC),robotics,PROGRAM,https://www.firstinspires.org/programs/ftc/get-started,https://www.firstinspires.org/programs/ftc/get-started,,registration fee grade-band plausible-year,donate careers annual-report,
16,VEX Robotics Competition (V5RC),robotics,THIN,https://www.vexrobotics.com/competition,https://www.vexrobotics.com/competition,,grade-band plausible-year,careers,
17,National Academic Quiz Tournaments (NAQT) HSNCT,academic-bowl,UNREACHABLE,https://www.naqt.com,,,,,fetch failed: 403 Forbidden for https://www.naqt.com/
18,United States Academic Decathlon,academic-bowl,HOMEPAGE,https://www.usad.org,https://www.usad.org/,,eligibility rules grade-band plausible-year,donate about-us,
19,National YoungArts Foundation,arts-music,PROGRAM,https://youngarts.org/competition,https://youngarts.org/competition/,,deadline how-to-enter grade-band plausible-year,donate about-us careers annual-report,
20,DECA International Career Development Conference,business-entrepreneurship,PROGRAM,https://www.deca.org/compete,https://www.deca.org/compete,,rules submission qualifying grade-band plausible-year,donate membership about-us newsroom annual-report,
21,FBLA National Leadership Conference,business-entrepreneurship,PROGRAM,https://www.fbla.org/high-school/competitive-events,https://www.fbla.org/high-school/competitive-events/,,registration rules qualifying grade-band plausible-year,donate membership about-us governance careers newsroom,
22,National High School Mock Trial Championship,debate-speech,THIN,https://www.nationalmocktrial.org/rules/rules-competition,https://www.nationalmocktrial.org/rules/rules-competition,,submission grade-band plausible-year,governance,
23,National History Day,history-geography-civics,PROGRAM,https://nhd.org/en/contest/national-contest,https://nhd.org/en/contest/national-contest/,,registration rules grade-band plausible-year,donate careers newsroom,
24,Math Olympiads for Elementary and Middle Schools (MOEMS),math,PROGRAM,https://www.moems.org/pages/contests-tournaments,https://www.moems.org/pages/contests-tournaments,,registration deadline grade-band plausible-year,about-us governance,
25,Math Prize for Girls,math,PROGRAM,https://mathprize.atfoundation.org/apply,https://mathprize.atfoundation.org/apply,,deadline eligibility how-to-enter submission qualifying grade-band plausible-year,donate about-us,
26,3M Young Scientist Challenge,science-engineering,HOMEPAGE,https://www.youngscientistlab.com,https://youngscientistlab.com/,,submission grade-band plausible-year,newsroom,
27,National Science Bowl,science-engineering,PROGRAM,https://science.osti.gov/wdts/nsb,https://science.osti.gov/wdts/nsb,,deadline dates-block grade-band plausible-year,careers,
28,Thermo Fisher Scientific Junior Innovators Challenge,science-engineering,PROGRAM,https://www.societyforscience.org/jic,https://www.societyforscience.org/jic/,,eligibility how-to-enter dates-block rules submission grade-band plausible-year,donate about-us newsroom annual-report,
29,UIL Academics,academic-bowl,PROGRAM,https://www.uiltexas.org/academics,https://www.uiltexas.org/academics,,registration deadline eligibility rules submission grade-band plausible-year,membership newsroom,
30,Doodle for Google,arts-music,PROGRAM,https://doodles.google.com/intl/ALL_in/d4g/rules/,https://doodles.google.com/intl/ALL_in/d4g/rules/,,deadline eligibility how-to-enter rules submission,,
31,FFA Career Development Events,other,PROGRAM,https://www.ffa.org/participate/cdes/,https://www.ffa.org/participate/cde-lde/,,dates-block rules submission plausible-year,donate membership about-us careers,
32,CSPA Crown & Gold Circle Awards,arts-music,PROGRAM,https://precollege.sps.columbia.edu/columbia-scholastic-press-association,https://precollege.sps.columbia.edu/columbia-scholastic-press-association,,deadline dates-block grade-band plausible-year,membership governance,
33,JEA National Student Media Contests,arts-music,PROGRAM,https://jea.org/contests/,https://jea.org/contests/,,registration deadline eligibility fee dates-block rules submission grade-band plausible-year,donate membership about-us,
34,America's Battle of the Books,academic-bowl,HOMEPAGE,https://www.battleofthebooks.org,https://www.battleofthebooks.org/,,plausible-year,donate membership,
35,Breakthrough Junior Challenge,science-engineering,PROGRAM,https://breakthroughjuniorchallenge.org/enter,https://breakthroughjuniorchallenge.org/enter,,deadline eligibility submission plausible-year,,
36,International Thespian Excellence Awards (Thespys),arts-music,PROGRAM,https://schooltheatre.org/thespys,https://schooltheatre.org/thespys/,,how-to-enter qualifying grade-band plausible-year,donate membership about-us annual-report,
37,Lincoln-Douglas Debate,debate-speech,HOMEPAGE,https://www.speechanddebate.org,https://www.speechanddebate.org/,,qualifying grade-band,donate membership newsroom,
38,American Regions Mathematics League (ARML),math,HOMEPAGE,https://www.arml.com,https://www.arml.com/,,,,
39,Harvard-MIT Mathematics Tournament (HMMT),math,PROGRAM,https://www.hmmt.org/www/tournaments/novfeb,https://www.hmmt.org/www/tournaments/novfeb,,registration deadline eligibility grade-band,about-us,
40,National Merit Scholarship Program,other,UNREACHABLE,https://www.nationalmerit.org,,,,,too many redirects (>5) fetching https://www.nationalmerit.org
41,Diamond Challenge,business-entrepreneurship,PROGRAM,https://diamondchallenge.org/competition,https://diamondchallenge.org/competition/,,deadline eligibility rules submission qualifying grade-band plausible-year,governance,
42,Technovation Girls,computer-science,UNREACHABLE,https://www.technovation.org,,,,,robots.txt disallows fetching https://www.technovation.org/ for our user-agent
43,picoCTF,computer-science,HOMEPAGE,https://picoctf.org,https://picoctf.org/,,plausible-year,,
44,National Civics Bee,history-geography-civics,THIN,https://www.civicsbee.org,https://civics.uschamberfoundation.org/national-civics-bee/?utm_source=www.civicsbee.org&utm_medium=referral,,plausible-year,donate about-us,
45,The New York Times Learning Network Contests,writing-essay,THIN,https://www.nytimes.com/spotlight/learning-contests,https://www.nytimes.com/spotlight/learning-contests,,dates-block submission plausible-year,careers,
46,TSA National Conference Competitive Events,other,PROGRAM,https://tsaweb.org/competitions,https://tsaweb.org/competitions,,eligibility rules submission qualifying grade-band plausible-year,,
47,STN Nationals & Challenges,arts-music,PROGRAM,https://www.studenttelevision.com/nationals,https://www.studenttelevision.com/nationals,,registration deadline dates-block rules submission plausible-year,membership about-us governance,
48,Greenhill Fall Classic,debate-speech,PROGRAM,https://greenhill.tabroom.com,https://www.tabroom.com/index/tourn/index.mhtml?tourn_id=40192,,registration deadline rules qualifying plausible-year,membership,
49,Destination Imagination,other,PROGRAM,https://www.destinationimagination.org/challenge-experience,https://www.destinationimagination.org/challenge-experience/,,registration rules qualifying grade-band plausible-year,donate about-us careers,
50,Odyssey of the Mind,other,PROGRAM,https://odysseyofthemind.com/program-guide,https://odysseyofthemind.com/program-guide/,,registration eligibility dates-block rules qualifying grade-band plausible-year,membership about-us,
51,National Latin Exam,academic-bowl,PROGRAM,https://www.nle.org/registration,https://www.nle.org/registration,,registration deadline submission plausible-year,about-us,
52,National Spanish Examinations,academic-bowl,HOMEPAGE,https://www.nationalspanishexam.org,https://nationalspanishexam.org/,,registration eligibility grade-band plausible-year,about-us governance,
53,Le Grand Concours (National French Contest),academic-bowl,PROGRAM,https://frenchteachers.org/concours/,https://www.frenchteachers.org/nfc-home,,registration eligibility dates-block rules grade-band plausible-year,membership about-us,
54,NSPA Pacemaker & Individual Awards,arts-music,PROGRAM,https://studentpress.org/nspa/,https://studentpress.org/nspa/,,registration deadline grade-band plausible-year,membership governance,
55,Quill and Scroll Writing Visual Multimedia Contest,arts-music,THIN,https://quillandscroll.org/contests/,https://quillandscroll.org/contests/,,eligibility grade-band plausible-year,donate membership,
56,Bands of America Grand National Championships,arts-music,THIN,https://marching.musicforall.org/grandnationals,https://marching.musicforall.org/grandnationals/,,registration plausible-year,donate newsroom,
57,MLH high school hackathons (Local Hack Day),computer-science,HOMEPAGE,https://mlh.io,https://www.mlh.com/,,rules plausible-year,about-us,
58,NCWIT Aspirations in Computing,computer-science,HOMEPAGE,https://www.aspirations.org,https://www.aspirations.org/,,registration grade-band,donate,
59,Purple Comet! Math Meet,math,HOMEPAGE,https://purplecomet.org,https://purplecomet.org/,,registration submission grade-band plausible-year,donate,
60,USA Mathematical Talent Search (USAMTS),math,HOMEPAGE,https://www.usamts.org,https://www.usamts.org/,,registration qualifying grade-band plausible-year,donate,
61,FIRST LEGO League Explore,robotics,UNREACHABLE,https://www.firstinspires.org/robotics/fll/explore,,,,,fetch failed: 404 Not Found for https://www.firstinspires.org/robotics/fll/explore
62,VEX IQ Robotics Competition,robotics,THIN,https://www.vexrobotics.com/iq/competition,https://www.vexrobotics.com/iq/competition,,registration grade-band plausible-year,,
63,C-SPAN StudentCam,writing-essay,HOMEPAGE,https://www.studentcam.org,https://www.studentcam.org/,,deadline rules submission grade-band plausible-year,newsroom,
64,John F. Kennedy Profile in Courage Essay Contest,writing-essay,PROGRAM,https://www.jfklibrary.org/learn/education/profile-in-courage-essay-contest,https://www.jfklibrary.org/learn/education/profile-in-courage-essay-contest,,eligibility rules submission grade-band plausible-year,donate membership about-us,
65,FFA Agriscience Fair,science-engineering,THIN,https://www.ffa.org/participate/awards/agriscience-fair/,https://www.ffa.org/participate/awards/agriscience-fair/,,submission plausible-year,donate membership about-us careers,
66,TMSCA Math Contests,math,HOMEPAGE,https://www.tmsca.org,https://www.tmsca.org/,,registration how-to-enter qualifying grade-band plausible-year,membership about-us,
67,Princeton Model Congress,debate-speech,HOMEPAGE,https://princetonmodelcongress.com,https://princetonmodelcongress.com/,,registration deadline plausible-year,,
68,Student World Impact Film Festival (SWIFF),arts-music,HOMEPAGE,https://www.swiff.org,https://www.swiff.org/,,submission plausible-year,,
69,MATHCOUNTS National Math Club,math,PROGRAM,https://www.mathcounts.org/programs/national-math-club,https://www.mathcounts.org/programs/national-math-club,,registration deadline grade-band plausible-year,donate governance,
70,MUNUC (Model United Nations of the University of Chicago),debate-speech,HOMEPAGE,https://munuc.org,https://munuc.org/,,registration dates-block grade-band plausible-year,about-us,
71,Write the World Monthly Competitions,writing-essay,HOMEPAGE,https://writetheworld.org,https://writetheworld.org/,,,,
72,PACE National Scholastic Championship (NSC),academic-bowl,HOMEPAGE,https://www.pace-nsc.org,https://www.pace-nsc.org/,,registration deadline rules qualifying grade-band plausible-year,donate membership newsroom,
73,Congressional Art Competition,arts-music,PROGRAM,https://www.house.gov/educators-and-students/congressional-art-competition,https://www.house.gov/educators-and-students/congressional-art-competition,,deadline how-to-enter grade-band plausible-year,,
74,Essentially Ellington High School Jazz Competition,arts-music,UNREACHABLE,https://academy.jazz.org/ee,,,,,ENOTFOUND (fetch failed)
75,Music Teachers National Association (MTNA) Competitions,arts-music,UNREACHABLE,https://www.mtna.org/competitions,,,,,fetch failed: 404 Not Found for https://www.mtna.org/competitions
76,NAfME All-National Honor Ensembles,arts-music,UNREACHABLE,https://nafme.org/programs/all-national-honor-ensembles,,,,,fetch failed: 403 Forbidden for https://nafme.org/programs/all-national-honor-ensembles
77,PTA Reflections Program,arts-music,PROGRAM,https://www.pta.org/home/programs/reflections,https://www.pta.org/home/programs/reflections,,registration how-to-enter rules grade-band plausible-year,donate membership governance careers newsroom,
78,Business Professionals of America (BPA) NLC,business-entrepreneurship,HOMEPAGE,https://bpa.org,https://bpa.org/,,registration deadline eligibility dates-block rules plausible-year,donate membership about-us newsroom,
79,FCCLA National Leadership Conference,business-entrepreneurship,HOMEPAGE,https://fcclainc.org,https://fcclainc.org/,,registration deadline rules plausible-year,donate about-us careers newsroom,
80,JA Titan,business-entrepreneurship,THIN,https://jausa.ja.org/programs/ja-titan,https://jausa.ja.org/programs/ja-titan,,rules grade-band,donate newsroom,
81,National Economics Challenge,business-entrepreneurship,THIN,https://www.councilforeconed.org/national-economics-challenge,https://www.councilforeconed.org/programs/for-students/national-economic-challenge/,,grade-band plausible-year,donate governance careers newsroom,
82,National ProStart Invitational,business-entrepreneurship,THIN,https://chooserestaurants.org/events/national-prostart-invitational,https://chooserestaurants.org/events/national-prostart-invitational/,,registration plausible-year,donate careers,
83,SkillsUSA Championships,business-entrepreneurship,HOMEPAGE,https://www.skillsusa.org,https://www.skillsusa.org/,,registration grade-band plausible-year,donate about-us careers annual-report,
84,The Stock Market Game,business-entrepreneurship,HOMEPAGE,https://www.stockmarketgame.org,https://www.stockmarketgame.org/,,registration dates-block grade-band plausible-year,donate,
85,Wharton Global Youth Investment Competition,business-entrepreneurship,HOMEPAGE,https://globalyouth.wharton.upenn.edu,https://globalyouth.wharton.upenn.edu/,,registration rules grade-band plausible-year,about-us annual-report,
86,American Computer Science League (ACSL),computer-science,HOMEPAGE,https://www.acsl.org,https://www.acsl.org/,,registration submission grade-band plausible-year,,
87,National High School Model United Nations (NHSMUN),debate-speech,THIN,https://www.imuna.org/nhsmun,https://www.imuna.org/nhsmun/,,plausible-year,about-us,
88,Cayley/Pascal/Fermat (CEMC) US sittings,math,PROGRAM,https://www.cemc.uwaterloo.ca/contests,https://cemc.uwaterloo.ca/contests,,registration deadline dates-block grade-band plausible-year,about-us careers,
89,Continental Mathematics League,math,UNREACHABLE,https://www.continentalmathematicsleague.com,,,,,ERR_SSL_TLSV1_ALERT_INTERNAL_ERROR (fetch failed)
90,Math League,math,HOMEPAGE,https://www.mathleague.com,https://www.mathleague.com/,,registration eligibility qualifying grade-band plausible-year,,
91,MathWorks Math Modeling (M3) Challenge,math,HOMEPAGE,https://m3challenge.siam.org,https://m3challenge.siam.org/,,registration eligibility dates-block rules grade-band plausible-year,about-us newsroom,
92,Noetic Learning Math Contest,math,PROGRAM,https://www.noetic-learning.com/mathcontest,https://www.noetic-learning.com/mathcontest/,,registration fee how-to-enter dates-block grade-band plausible-year,,
93,Davidson Fellows Scholarship,other,PROGRAM,https://www.davidsongifted.org/fellows-scholarship,https://www.davidsongifted.org/gifted-programs/fellows-scholarship/,,deadline eligibility how-to-enter submission plausible-year,donate about-us,
94,Samsung Solve for Tomorrow,other,PROGRAM,https://www.samsung.com/us/solvefortomorrow,https://www.samsung.com/us/solvefortomorrow/,,registration eligibility submission grade-band plausible-year,about-us careers newsroom,
95,US Chess National K-12 / Grade Championships,other,HOMEPAGE,https://new.uschess.org,https://new.uschess.org/,,deadline rules grade-band plausible-year,donate membership,
96,Conrad Challenge,science-engineering,HOMEPAGE,https://conrad.spacecenter.org,https://conrad.spacecenter.org/,,deadline plausible-year,careers,
97,Envirothon,science-engineering,HOMEPAGE,https://envirothon.org,https://envirothon.org/,,dates-block grade-band plausible-year,donate about-us newsroom,
98,Future City Competition,science-engineering,HOMEPAGE,https://futurecity.org,https://futurecity.org/,,registration how-to-enter dates-block grade-band plausible-year,donate careers,
99,Genius Olympiad,science-engineering,HOMEPAGE,https://www.geniusolympiad.org,https://geniusolympiad.org/,,registration deadline eligibility rules submission grade-band plausible-year,donate about-us newsroom,
100,HOSA-Future Health Professionals,science-engineering,HOMEPAGE,https://hosa.org,https://hosa.org/,,rules plausible-year,donate governance newsroom,
101,NASA Human Exploration Rover Challenge,science-engineering,PROGRAM,https://www.nasa.gov/learning-resources/nasa-human-exploration-rover-challenge,https://www.nasa.gov/learning-resources/nasa-human-exploration-rover-challenge/,,registration eligibility how-to-enter rules submission grade-band plausible-year,careers,
102,Team America Rocketry Challenge (TARC),science-engineering,HOMEPAGE,https://rocketcontest.org,https://www.rocketrychallenge.org/,,registration how-to-enter rules qualifying grade-band plausible-year,careers newsroom,
103,Toshiba/NSTA ExploraVision,science-engineering,HOMEPAGE,https://www.exploravision.org,https://www.exploravision.org/,,registration grade-band plausible-year,,
104,U.S. National Chemistry Olympiad (USNCO),science-engineering,THIN,https://www.acs.org/education/students/highschool/olympiad.html,https://www.acs.org/education/students/highschool/olympiad.html,,,,
105,U.S. Physics Olympiad (USAPhO),science-engineering,PROGRAM,https://www.aapt.org/physicsteam,https://www.aapt.org/physicsteam/2026/index.cfm,,registration dates-block rules grade-band plausible-year,donate membership newsroom annual-report,
106,USA Biology Olympiad (USABO),science-engineering,PROGRAM,https://www.usabo-trc.org,https://usabo-trc.org/,,registration eligibility fee rules grade-band plausible-year,,
107,eCYBERMISSION,science-engineering,HOMEPAGE,https://www.ecybermission.com,https://www.ecybermission.com/,,registration how-to-enter dates-block submission plausible-year,careers,
108,John Locke Institute Essay Competition,writing-essay,PROGRAM,https://www.johnlockeinstitute.com/essay-competition,https://www.johnlockeinstitute.com/essay-competition,,registration deadline eligibility fee dates-block submission plausible-year,careers,
109,Poetry Out Loud,writing-essay,HOMEPAGE,https://www.poetryoutloud.org,https://poetryoutloud.org/,,eligibility dates-block grade-band plausible-year,about-us,
110,National Beta Club Convention Competitions,other,THIN,https://www.betaclub.org/national-convention-info/,https://www.betaclub.org/national-convention-info/,,plausible-year,donate membership about-us,
111,MIT THINK Scholars Program,science-engineering,HOMEPAGE,https://think.mit.edu,https://think.mit.edu/,,,,
112,Exeter Math Club Competition (EMCC),math,THIN,https://exetermathclub.com/contest,https://exetermathclub.com/contest,,,,
113,August Wilson New Voices Monologue Competition,arts-music,THIN,https://truecolorstheatre.org/august-wilson-monologue-competition/,https://truecolorstheatre.org/august-wilson-monologue-competition/,,grade-band plausible-year,donate about-us,
114,Educators Rising National Conference Competitions,other,THIN,https://educatorsrising.org/conference-competitions/,https://educatorsrising.org/conference-competitions/,,plausible-year,donate membership about-us governance careers,
115,LifeSmarts,business-entrepreneurship,HOMEPAGE,https://lifesmarts.org,https://lifesmarts.org/,,registration plausible-year,donate,
116,Math Open at Andover (MOAA),math,HOMEPAGE,https://andovermathopen.com,https://andovermathopen.com/,,registration grade-band plausible-year,,
117,Princeton Model United Nations Conference (PMUNC),debate-speech,THIN,https://www.princetonirc.com/pmunc,https://www.princetonirc.com/pmunc,,registration grade-band plausible-year,,
118,Boston Invitational Model United Nations (BosMUN),debate-speech,HOMEPAGE,https://www.bosmun.org,https://www.bosmun.org/,,registration deadline grade-band plausible-year,,
119,Stanford Model United Nations Conference (SMUNC),debate-speech,HOMEPAGE,https://smunc.org,https://smunc.org/,,registration plausible-year,about-us,
120,New York City Invitational Debate and Speech Tournament,debate-speech,THIN,https://nyc.tabroom.com,https://www.tabroom.com/index/tourn/index.mhtml?tourn_id=39028,,registration deadline plausible-year,,
121,Vocabulary Bowl,academic-bowl,PROGRAM,https://www.vocabulary.com/bowl/,https://www.vocabulary.com/bowl/,,registration eligibility grade-band plausible-year,about-us newsroom,
122,National German Exam,academic-bowl,PROGRAM,https://www.nge.aatg.org,https://www.nge.aatg.org/,,registration eligibility rules qualifying grade-band plausible-year,,
123,National Italian Exam,academic-bowl,PROGRAM,https://www.nationalitalianexam.org,https://www.nationalitalianexam.org/,,registration eligibility how-to-enter rules grade-band plausible-year,about-us,
124,NSS Gerard K. O'Neill Space Settlement Contest,science-engineering,THIN,https://nss.org/nss-space-settlement-contest/,https://nss.org/nss-space-settlement-contest/,,plausible-year,donate membership about-us newsroom,
125,Mustang Math Tournament (MMT),math,THIN,https://www.mustangmath.com/MMT2026,https://www.mustangmath.com/MMT2026,,registration grade-band plausible-year,,
126,Stanford Invitational (speech & debate),debate-speech,THIN,https://stanford.tabroom.com,https://www.tabroom.com/index/tourn/index.mhtml?tourn_id=40749,,registration plausible-year,,
127,Sala and Aron Samueli Holocaust Art & Writing Contest,writing-essay,PROGRAM,https://www.chapman.edu/research/institutes-and-centers/holocaust-education/holocaust-art-and-writing-contest/index.aspx,https://www.chapman.edu/research/institutes-and-centers/holocaust-education/holocaust-art-and-writing-contest/index.aspx,,registration deadline eligibility dates-block submission plausible-year,newsroom,
128,Harvard Model United Nations,debate-speech,HOMEPAGE,https://www.harvardmun.org,https://www.harvardmun.org/,,registration grade-band plausible-year,about-us,
129,Harvard National Forensics Tournament,debate-speech,HOMEPAGE,https://www.hnft.org,https://www.hnft.org/,,,,
130,Tournament of Champions (Debate),debate-speech,HOMEPAGE,https://www.tournamentofchampions.org,https://tournamentofchampions.org/,,,,
131,Berkeley Math Tournament (BMT),math,HOMEPAGE,https://bmt.berkeley.edu,https://berkeley.mt/,,registration deadline grade-band plausible-year,,
132,Carnegie Mellon Informatics and Mathematics Competition (CMIMC),math,UNREACHABLE,https://cmimc.ai,,,,,ENOTFOUND (fetch failed)
133,Mu Alpha Theta National Convention,math,HOMEPAGE,https://mualphatheta.org,https://mualphatheta.org/,,dates-block grade-band plausible-year,about-us careers,
134,Princeton University Mathematics Competition (PUMaC),math,HOMEPAGE,https://pumac.princeton.edu,https://pumac.princeton.edu/,,registration plausible-year,about-us,
135,Stanford Math Tournament (SMT),math,THIN,https://sumo.stanford.edu/smt,https://sumo.stanford.edu/smt/,,registration rules grade-band,,
136,NASA Student Launch,science-engineering,PROGRAM,https://www.nasa.gov/learning-resources/nasa-student-launch/,https://www.nasa.gov/learning-resources/nasa-student-launch/,,registration eligibility how-to-enter rules qualifying grade-band plausible-year,careers,
137,NFTE World Series of Innovation,business-entrepreneurship,THIN,https://www.nfte.com/world-series-of-innovation,https://nfte.com/events/world-series-of-innovation/,,eligibility plausible-year,careers,
138,Coolest Projects,computer-science,HOMEPAGE,https://coolestprojects.org,https://online.coolestprojects.org/,,registration plausible-year,about-us,
139,Hack Club / Scrapyard hackathons,computer-science,HOMEPAGE,https://hackclub.com,https://hackclub.com/,,grade-band plausible-year,donate,
140,World Scholar's Cup,other,HOMEPAGE,https://www.scholarscup.org,https://www.scholarscup.org/,,registration plausible-year,about-us,
141,BEST Robotics,robotics,HOMEPAGE,https://www.bestrobotics.org,https://bestrobotics.org/,,registration plausible-year,donate about-us annual-report,
142,MATE ROV Competition,robotics,UNREACHABLE,https://materovcompetition.org,,,,,fetch failed: 404 Not Found for https://materovcompetition.org/
143,REC Foundation Aerial Drone Competition,robotics,PROGRAM,https://www.recf.org/aerial-drone-competition,https://recf.org/teams/competition/aerial-drone-competition/,,registration rules qualifying plausible-year,donate about-us careers,
144,The Concord Review,writing-essay,HOMEPAGE,https://www.tcr.org,https://www.tcr.org/,,submission,donate membership,
145,VFW Patriot's Pen,writing-essay,THIN,https://www.vfw.org/community/youth-and-education/youth-scholarships,https://www.vfw.org/community/youth-and-education/youth-scholarships,,eligibility grade-band plausible-year,donate membership about-us careers,
146,HiMCM (High School Mathematical Contest in Modeling),math,THIN,https://www.contest.comap.org/highschool/contests/himcm/index.html,https://www.contest.comap.org/highschool/contests/himcm/index.html,,registration grade-band plausible-year,,
147,AAN Neuroscience Research Prize,science-engineering,PROGRAM,https://www.aan.com/research/neuroscience-research-prize,https://www.aan.com/research/neuroscience-research-prize,,registration deadline eligibility rules grade-band plausible-year,donate membership,
148,Florida Association of Mu Alpha Theta (FAMAT),math,HOMEPAGE,https://famat.org,https://famat.org/,,plausible-year,newsroom,
149,PerennialMath Competitions,math,HOMEPAGE,https://perennialmath.com,https://perennialmath.com/,,plausible-year,about-us newsroom,
150,Columbia Model UN Conference and Exposition (CMUNCE),debate-speech,UNREACHABLE,https://cmunce.org,,,,,EAI_AGAIN (fetch failed)
151,Heart of Texas Invitational,debate-speech,THIN,https://www.tabroom.com/index/tourn/index.mhtml?tourn_id=35840,https://www.tabroom.com/index/tourn/index.mhtml?tourn_id=35840,,registration deadline plausible-year,,
152,National Young Composers Challenge,arts-music,HOMEPAGE,https://www.youngcomposerschallenge.org,https://www.youngcomposerschallenge.org/,,registration rules submission plausible-year,donate,
153,One Teen Story Teen Writing Contest,writing-essay,PROGRAM,https://one-story.com/write/one-teen-story-contest/,https://one-story.com/write/one-teen-story-contest/,,deadline fee rules submission plausible-year,,
154,Helen Ruffin Reading Bowl,academic-bowl,HOMEPAGE,https://www.gahrrb.org,https://www.gahrrb.org/,,registration grade-band plausible-year,,
155,mathleague.org contests,math,PROGRAM,https://www.mathleague.org/hsevents.php,https://www.mathleague.org/hsevents.php,,registration eligibility dates-block rules qualifying grade-band plausible-year,about-us,
156,NASA TechRise Student Challenge,science-engineering,THIN,https://www.futureengineers.org/nasatechrise,https://www.futureengineers.org/nasatechrise,,registration rules plausible-year,newsroom,
157,ESU National Shakespeare Competition,debate-speech,PROGRAM,https://www.esuus.org/what-we-do/shakespeare-competition/,https://www.esuus.org/what-we-do/shakespeare-competition/,,registration deadline dates-block grade-band plausible-year,donate membership about-us governance careers newsroom,
158,BMUN (Berkeley Model United Nations),debate-speech,HOMEPAGE,https://www.bmun.org,https://www.bmun.org/,,registration grade-band plausible-year,donate about-us,
159,The Paradigm Challenge,other,PROGRAM,https://www.projectparadigm.org,https://www.projectparadigm.org/,,registration deadline how-to-enter submission grade-band plausible-year,about-us,
160,Girls' Adventures in Math (GAIM),math,THIN,https://www.girlsadventuresinmath.com/the-competition,https://www.girlsadventuresinmath.com/the-competition,,registration grade-band plausible-year,,
161,Minnesota State High School Mathematics League,math,UNREACHABLE,https://www.mnmathleague.org,,,,,UND_ERR_CONNECT_TIMEOUT (fetch failed)
162,Virginia Model United Nations (VAMUN),debate-speech,HOMEPAGE,https://www.vamun.org,https://www.vamun.org/,,registration plausible-year,,
163,Just Poetry National High School Poetry Contest,writing-essay,HOMEPAGE,https://www.highschoolpoetrycontest.com,https://www.highschoolpoetrycontest.com/,,submission grade-band plausible-year,about-us,
164,Academic WorldQuest,academic-bowl,THIN,https://worldaffairscouncils.org/what-we-do/academic-worldquest,https://worldaffairscouncils.org/what-we-do/academic-worldquest/,,registration grade-band plausible-year,donate membership about-us governance annual-report,
165,All American High School Film Festival,arts-music,HOMEPAGE,https://www.hsfilmfest.com,https://www.hsfilmfest.com/,,grade-band plausible-year,about-us,
166,Sphinx Competition (Junior Division),arts-music,THIN,https://www.sphinxmusic.org/sphinx-competition,https://www.sphinxmusic.org/sphinx-competition,,deadline eligibility plausible-year,donate,
167,High School Fed Challenge,business-entrepreneurship,PROGRAM,https://www.newyorkfed.org/outreach-and-education/high-school/high-school-fed-challenge,https://www.newyorkfed.org/outreach-and-education/high-school/high-school-fed-challenge,,registration deadline eligibility how-to-enter submission grade-band plausible-year,about-us governance careers,
168,National Personal Finance Challenge,business-entrepreneurship,THIN,https://www.councilforeconed.org/national-personal-finance-challenge,https://www.councilforeconed.org/programs/for-students/national-personal-finance-challenge/,,grade-band plausible-year,donate governance careers newsroom,
169,Bebras Computing Challenge (US),computer-science,HOMEPAGE,https://www.bebras.org,https://www.bebras.org/,,,,
170,Model Congress / YMCA Youth & Government,debate-speech,UNREACHABLE,https://www.ymca.org/what-we-do/youth-development/youth-and-government,,,,,fetch failed: 404 Not Found for https://www.ymca.org/what-we-do/youth-development/youth-and-government
171,National Association for Urban Debate Leagues,debate-speech,HOMEPAGE,https://urbandebate.org,https://urbandebate.org/,,plausible-year,donate about-us careers,
172,National High School Ethics Bowl,debate-speech,UNREACHABLE,https://nhseb.unc.edu,,,,,ENOTFOUND (fetch failed)
173,Bill of Rights Institute — MyImpact Challenge,history-geography-civics,PROGRAM,https://billofrightsinstitute.org/myimpact-challenge,https://billofrightsinstitute.org/my-impact-challenge/,,how-to-enter submission grade-band plausible-year,about-us,
174,National History Bee,history-geography-civics,HOMEPAGE,https://www.historybee.com,https://www.historybee.com/,,,,
175,National History Bowl,history-geography-civics,HOMEPAGE,https://www.historybowl.com,https://www.iacompetitions.com/,,registration qualifying grade-band plausible-year,,
176,The American Legion Oratorical Contest,history-geography-civics,PROGRAM,https://www.legion.org/oratorical,https://www.legion.org/get-involved/youth-programs/oratorical-contest,,eligibility how-to-enter grade-band plausible-year,donate membership careers,
177,United States Geography Olympiad,history-geography-civics,UNREACHABLE,https://www.usgeographyolympiad.com,,,,,ENOTFOUND (fetch failed)
178,We the People: The Citizen and the Constitution,history-geography-civics,UNREACHABLE,https://www.civiced.org/wtp-the-program,,,,,fetch failed: 404 Not Found for https://www.civiced.org/wtp-the-program
179,The Actuarial Foundation Modeling the Future Challenge,math,HOMEPAGE,https://www.mtfchallenge.org,https://www.mtfchallenge.org/,,registration eligibility grade-band plausible-year,donate,
180,Who Wants to Be a Mathematician,math,UNREACHABLE,https://www.ams.org/wwtbam,,,,,fetch failed: 403 Forbidden for https://www.ams.org/wwtbam
181,Future Problem Solving Program International,other,HOMEPAGE,https://www.fpspi.org,https://fpspi.org/,,registration eligibility grade-band plausible-year,donate about-us careers,
182,National Invention Convention and Entrepreneurship (NICE),other,HOMEPAGE,https://www.nationalinventionconvention.org,https://www.nationalinventionconvention.org/,,,,
183,North South Foundation Bees (spelling/math/etc.),other,HOMEPAGE,https://www.northsouth.org,https://www.northsouth.org/,,registration deadline submission qualifying grade-band plausible-year,donate about-us governance newsroom,
184,National Junior Science and Humanities Symposium (JSHS),science-engineering,HOMEPAGE,https://www.jshs.org,https://www.jshs.org/,,rules grade-band plausible-year,about-us,
185,National Ocean Sciences Bowl,science-engineering,UNREACHABLE,https://oceanleadership.org/programs/national-ocean-sciences-bowl,,,,,ERR_TLS_CERT_ALTNAME_INVALID (fetch failed)
186,USA Brain Bee,science-engineering,HOMEPAGE,https://www.thebrainbee.org,https://www.thebrainbee.org/,,registration eligibility plausible-year,donate about-us careers,
187,You Be The Solution Challenge,science-engineering,THIN,https://www.cefinstem.org/programs/challenge,https://www.cefinstem.org/programs/challenge/,,registration submission plausible-year,donate about-us governance careers,
188,Ayn Rand Institute Essay Contests (Atlas Shrugged / Anthem / Fountainhead),writing-essay,PROGRAM,https://www.aynrand.org/students/essay-contests,https://aynrand.org/students/essay-contests,,deadline eligibility how-to-enter submission grade-band plausible-year,donate,
189,NACLO (North American Computational Linguistics Open),computer-science,HOMEPAGE,https://naclo.org,https://naclo.org/,,registration deadline grade-band plausible-year,donate about-us,
190,Apple Swift Student Challenge,computer-science,PROGRAM,https://developer.apple.com/swift-student-challenge/,https://developer.apple.com/swift-student-challenge/,,eligibility rules submission plausible-year,careers newsroom,
191,KidWind Challenge,science-engineering,HOMEPAGE,https://www.kidwind.org,https://kidwind.org/,,grade-band plausible-year,about-us,
192,Pegasus National Mythology Exam,academic-bowl,THIN,https://www.etclassics.org/Contests-Exams/Pegasus-Mythology-Exam,https://www.etclassics.org/Contests-Exams/Pegasus-Mythology-Exam,,registration grade-band plausible-year,,
193,Medusa Mythology Exam,academic-bowl,PROGRAM,https://www.etclassics.org/Contests-Exams/Medusa-Mythology-Exam,https://www.etclassics.org/Contests-Exams/Medusa-Mythology-Exam,,registration submission grade-band plausible-year,,
194,Optimist International Oratorical Contest,debate-speech,PROGRAM,https://www.optimist.org/member/scholarships4.cfm,https://www.optimist.org/member/scholarships4.cfm,,deadline eligibility how-to-enter rules qualifying grade-band plausible-year,about-us,
195,Stossel in the Classroom Essay Contest,writing-essay,PROGRAM,https://stosselintheclassroom.org/essay-contest/,https://stosselintheclassroom.org/essay-contest/,,deadline eligibility dates-block rules submission grade-band plausible-year,,
196,World of 8 Billion Student Video Contest,history-geography-civics,PROGRAM,https://www.worldof8billion.org/video-contest/,https://www.worldof8billion.org/video-contest/,,rules submission grade-band plausible-year,,
197,Federal Junior Duck Stamp Art Contest,arts-music,THIN,https://www.fws.gov/program/junior-duck-stamp,https://www.fws.gov/program/junior-duck-stamp,,grade-band plausible-year,about-us careers newsroom,
198,Massachusetts Science & Engineering Fair,science-engineering,HOMEPAGE,https://scifair.com,https://scifair.com/,,deadline how-to-enter submission grade-band plausible-year,donate,
199,MITRE eCTF (Embedded Capture the Flag),computer-science,HOMEPAGE,https://ectf.mitre.org,https://ectf.mitre.org/,,registration eligibility dates-block grade-band plausible-year,,
200,Johns Hopkins Math Tournament (JHMT),math,HOMEPAGE,https://www.johnshopkinsmathtournament.com,https://www.johnshopkinsmathtournament.com/,,grade-band plausible-year,,
201,Washington Area Model UN Conference (WAMUNC),debate-speech,HOMEPAGE,https://www.wamunc.com,https://www.wamunc.com/,,registration grade-band plausible-year,about-us,
202,Worldwide Plays Festival,arts-music,THIN,https://www.writopialab.org/programs/specialty-programs/worldwide-plays-festival,https://www.writopialab.org/programs/specialty-programs/worldwide-plays-festival,,submission grade-band plausible-year,donate about-us governance,
203,Blue Ocean Entrepreneurship Competition,business-entrepreneurship,HOMEPAGE,https://blueoceancompetition.org,https://blueoceancompetition.org/,,registration submission grade-band plausible-year,donate about-us,
204,CodeDay,computer-science,UNREACHABLE,https://www.codeday.org,,,,,fetch failed: 429 Too Many Requests for https://www.codeday.org/
205,MIT Battlecode,computer-science,HOMEPAGE,https://battlecode.org,https://battlecode.org/,,registration eligibility plausible-year,,
206,National Cyber League,computer-science,HOMEPAGE,https://nationalcyberleague.org,https://nationalcyberleague.org/,,registration plausible-year,donate about-us careers annual-report,
207,The Congressional Award,history-geography-civics,HOMEPAGE,https://www.congressionalaward.org,https://www.congressionalaward.org/,,registration plausible-year,donate about-us,
208,USA Junior National Geographic / Slingshot Challenge,other,HOMEPAGE,https://www.nationalgeographic.org/society/our-programs/slingshot-challenge,https://www.nationalgeographic.org/,yes,plausible-year,donate membership about-us careers newsroom annual-report,
209,VEX AI Robotics Competition,robotics,UNREACHABLE,https://recfoundation.net/teams/competition/vex-ai-robotics-competition,,,,,ERR_TLS_CERT_ALTNAME_INVALID (fetch failed)
210,World Robot Olympiad USA,robotics,HOMEPAGE,https://wro-association.org,https://wro-association.org/,,plausible-year,about-us newsroom annual-report,
211,We the Students Essay Contest,writing-essay,THIN,https://billofrightsinstitute.org/engage/students-programs-events/scholarship,https://billofrightsinstitute.org/students/,,grade-band plausible-year,about-us,
212,STEM Racing USA (formerly F1 in Schools),science-engineering,HOMEPAGE,https://www.stemracing.us,https://www.stemracing.us/,,registration plausible-year,newsroom,
213,National Classical Etymology Exam,academic-bowl,THIN,https://www.njcl.org/Online-Exams/National-Classical-Etymology,https://www.njcl.org/Online-Exams/National-Classical-Etymology,,registration grade-band plausible-year,donate membership,
214,World Food Prize Global Youth Institute,other,PROGRAM,https://www.worldfoodprize.org/en/youth_programs/global_youth_institute/,https://www.worldfoodprize.org/en/youth_programs/global_youth_institute/,,registration eligibility grade-band plausible-year,donate governance careers newsroom,
215,BruinMUN,debate-speech,HOMEPAGE,https://www.bruinmun.org,https://www.bruinmun.org/,,registration plausible-year,about-us,
216,Apple Valley MinneApple Debate Tournament,debate-speech,PROGRAM,https://www.tabroom.com/index/tourn/index.mhtml?tourn_id=32065,https://www.tabroom.com/index/tourn/index.mhtml?tourn_id=32065,,registration deadline eligibility qualifying grade-band,,
217,United States Open Music Competition,arts-music,HOMEPAGE,https://www.usomc.org,https://www.usomc.org/,,registration plausible-year,donate governance,
218,MasterMinds,academic-bowl,HOMEPAGE,https://www.nymasterminds.com,https://www.nymasterminds.com/,,registration plausible-year,,
219,AAPT PhysicsBowl,science-engineering,PROGRAM,https://aapt.org/programs/physicsbowl/,https://aapt.org/programs/physicsbowl/,,registration deadline eligibility how-to-enter rules grade-band plausible-year,donate membership newsroom annual-report,
220,National Japanese Exam,academic-bowl,PROGRAM,https://aatj.org/national-japanese-exam/,https://aatj.org/national-japanese-exam/,,registration deadline eligibility rules grade-band plausible-year,donate membership,
221,National Bible Bee,academic-bowl,HOMEPAGE,https://biblebee.org,https://biblebee.org/,,registration plausible-year,donate about-us,
222,ILMUNC (Ivy League Model United Nations Conference),debate-speech,HOMEPAGE,https://www.ilmunc.org,https://www.ilmunc.org/,,registration grade-band plausible-year,about-us,
223,YMUN (Yale Model United Nations),debate-speech,HOMEPAGE,https://www.ymun.org,https://ymun.org/,,registration deadline grade-band plausible-year,about-us,
224,Yale Invitational,debate-speech,THIN,https://www.yaledebate.org/tournaments,https://www.yaledebate.org/tournaments,,grade-band plausible-year,donate about-us,
225,AMVETS Americanism Program,writing-essay,PROGRAM,https://www.amvets.org/americanism,https://www.amvets.org/americanism,,eligibility rules grade-band plausible-year,donate membership,
226,Texas Science & Engineering Fair (TXSEF),science-engineering,HOMEPAGE,https://txsef.tamu.edu,https://txsef.tamu.edu/,,qualifying plausible-year,,
227,Pennsylvania Junior Academy of Science (PJAS),science-engineering,PROGRAM,https://pjas.org,https://pjas.org/,,deadline eligibility rules qualifying grade-band plausible-year,,
228,Georgia Science & Engineering Fair (GSEF),science-engineering,THIN,https://www.georgiacenter.uga.edu/youth-programs/pre-collegiate-competitions/georgia-science-and-engineering-fair,https://www.georgiacenter.uga.edu/youth-programs/pre-collegiate-competitions/georgia-science-and-engineering-fair/,,qualifying grade-band plausible-year,donate about-us governance careers,
229,Illinois Junior Academy of Science State Exposition,science-engineering,HOMEPAGE,https://www.ijas.org,https://www.ijas.org/,,qualifying plausible-year,donate membership about-us,
230,State Science & Engineering Fair of Florida (SSEF),science-engineering,HOMEPAGE,https://ssefflorida.com,https://ssefflorida.com/,,plausible-year,donate about-us,
231,Ohio Academy of Science State Science Day,science-engineering,HOMEPAGE,https://ssd.ohiosci.org,https://ssd.ohiosci.org/,,registration deadline rules qualifying plausible-year,donate,
232,Girls in Math at Yale,math,THIN,https://www.mmaths.org/girls-in-math,https://www.mmaths.org/girls-in-math,,,,
233,UGA High School Math Tournament,math,PROGRAM,https://math.uga.edu/uga-high-school-math-tournament,https://math.uga.edu/uga-high-school-math-tournament,,registration how-to-enter rules qualifying grade-band plausible-year,,
234,MIT Model United Nations Conference (MITMUNC),debate-speech,HOMEPAGE,https://mitmunc.org,https://mitmunc.org/,,registration plausible-year,about-us,
235,Young Playwrights Festival,arts-music,THIN,https://www.theblank.com/ypf,https://www.theblank.com/ypf,,rules submission plausible-year,donate careers,
236,New Voices One-Act Competition,arts-music,PROGRAM,https://www.youthplays.com/new_voices.php,https://www.youthplays.com/new_voices.php,,deadline rules submission grade-band plausible-year,,
237,American Legion Auxiliary Americanism Essay Contest,writing-essay,PROGRAM,https://www.legion-aux.org/americanism-essay-contest,https://www.legion-aux.org/americanism-essay-contest,,deadline eligibility rules submission grade-band plausible-year,donate membership about-us,
238,Academic Games Leagues of America (AGLOA),academic-bowl,HOMEPAGE,https://agloa.org,https://agloa.org/,,registration plausible-year,donate about-us,
239,Certamen (National Junior Classical League),academic-bowl,HOMEPAGE,https://www.njcl.org,https://www.njcl.org/,,plausible-year,membership,
240,It's Academic,academic-bowl,UNREACHABLE,https://www.itsacademictv.com,,,,,ENOTFOUND (fetch failed)
241,Kentucky Governor's Cup,academic-bowl,PROGRAM,https://kaac.com/governors-cup,https://kaac.com/governors-cup/,,registration deadline dates-block grade-band plausible-year,donate membership governance,
242,NAQT Small School National Championship (SSNCT),academic-bowl,UNREACHABLE,https://www.naqt.com/ssnct,,,,,fetch failed: 403 Forbidden for https://www.naqt.com/ssnct
243,National All-Star Academic Tournament (NASAT),academic-bowl,HOMEPAGE,https://iqbtnasat.com,https://iqbtnasat.com/,,registration qualifying plausible-year,about-us,
244,Scholastic Bowl (IHSA state series),academic-bowl,HOMEPAGE,https://www.ihsa.org,https://www.ihsa.org/,,grade-band,,
245,United States Academic Pentathlon,academic-bowl,UNREACHABLE,https://www.usad.org/USAP,,,,,fetch failed: 404 Not Found for https://www.usad.org/USAP
246,WordMasters Challenge,academic-bowl,HOMEPAGE,https://www.wordmasterschallenge.com,https://www.wordmasterschallenge.com/,,deadline submission grade-band plausible-year,,
247,ASTA National Orchestra Festival,arts-music,HOMEPAGE,https://www.astastrings.org,https://www.astastrings.org/,,registration plausible-year,membership,
248,DownBeat Student Music Awards,arts-music,THIN,https://downbeat.com/sma,https://downbeat.com/sma,,plausible-year,,
249,Fischoff Junior Division,arts-music,HOMEPAGE,https://www.fischoff.org,https://fischoff.org/,,grade-band plausible-year,donate about-us annual-report,
250,From the Top (young musicians showcase),arts-music,HOMEPAGE,https://www.fromthetop.org,https://fromthetop.org/,,plausible-year,donate about-us,
251,Lions International Peace Poster Contest,arts-music,UNREACHABLE,https://www.lionsclubs.org/en/resources-for-members/resource-center/peace-poster-contest,,,,,fetch failed: 404 Not Found for https://www.lionsclubs.org/en/resources-for-members/resource-center/peace-poster-contest
252,NATS National Student Auditions,arts-music,PROGRAM,https://www.nats.org/national_student_auditions.html,https://www.nats.org/national_student_auditions.html,,registration deadline eligibility fee dates-block rules submission qualifying grade-band plausible-year,membership about-us governance,
253,National Film Festival for Talented Youth (NFFTY),arts-music,HOMEPAGE,https://www.nffty.org,https://www.nffty.org/,,rules submission plausible-year,donate newsroom,
254,The Music Center's Spotlight,arts-music,UNREACHABLE,https://www.musiccenter.org/education/spotlight,,,,,robots.txt disallows fetching https://musiccenter.queue-it.net/?…
255,Toyota Dream Car Art Contest (USA),arts-music,UNREACHABLE,https://www.toyota.com/usa/dreamcar,,,,,fetch failed: 404 Not Found for https://www.toyota.com/usa/dreamcar
256,Vans Custom Culture,arts-music,UNREACHABLE,https://www.vans.com/en-us/custom-culture,,,,,fetch failed: 403 Forbidden for https://www.vans.com/en-us/custom-culture
257,InvestWrite,business-entrepreneurship,PROGRAM,https://www.stockmarketgame.org/investwrite.html,https://www.stockmarketgame.org/investwrite.html,,registration eligibility rules submission qualifying grade-band,,
258,JA Company of the Year,business-entrepreneurship,HOMEPAGE,https://jausa.ja.org,https://jausa.ja.org/,,,donate about-us newsroom,
259,LaunchX / Launch High School,business-entrepreneurship,HOMEPAGE,https://launchx.com,https://www.launchx.com/,,how-to-enter plausible-year,careers,
260,NFTE National Youth Entrepreneurship Challenge,business-entrepreneurship,HOMEPAGE,https://www.nfte.com,https://nfte.com/,,plausible-year,donate about-us careers,
261,VEI (Virtual Enterprises) Youth Business Summit,business-entrepreneurship,HOMEPAGE,https://veinternational.org,https://veinternational.org/,,plausible-year,donate about-us careers newsroom,
262,Young Entrepreneurs Academy Saunders Scholars,business-entrepreneurship,UNREACHABLE,https://yeausa.org/about/saunders-scholars,,,,,fetch failed: 404 Not Found for https://yeausa.org/about/saunders-scholars
263,Codequest (Lockheed Martin),computer-science,PROGRAM,https://www.lockheedmartin.com/codequest,https://www.lockheedmartin.com/en-us/who-we-are/communities/codequest.html,,registration eligibility dates-block rules grade-band plausible-year,about-us governance careers newsroom,
264,Cyber FastTrack / National Cyber Scholarship,computer-science,UNREACHABLE,https://www.nationalcyberscholarship.org,,,,,fetch failed: 404 Not Found for https://www.nationalcyberscholarship.org/
265,Cyberstart America,computer-science,UNREACHABLE,https://www.cyberstartamerica.org,,,,,fetch failed: 404 Not Found for https://www.nationalcyberscholarship.org/
266,Games for Change Student Challenge,computer-science,UNREACHABLE,https://www.gamesforchange.org/studentchallenge,,,,,ENOTFOUND (fetch failed)
267,HP CodeWars,computer-science,UNREACHABLE,https://www.hp.com/codewars,,,,,fetch failed: 404 Not Found for https://www.hp.com/codewars
268,HPE CodeWars,computer-science,HOMEPAGE,https://hpecodewars.org,https://hpecodewars.org/,,,,
269,Microsoft Imagine Cup Junior,computer-science,PROGRAM,https://imaginecup.microsoft.com,https://imaginecup.microsoft.com/en-us,,deadline eligibility how-to-enter rules submission plausible-year,careers,
270,National STEM League / CoderZ League,computer-science,UNREACHABLE,https://gocoderz.com,,,,,fetch failed: 403 Forbidden for https://gocoderz.com/
271,Verizon Innovative Learning App Challenge,computer-science,UNREACHABLE,https://appchallenge.tsaweb.org,,,,,CERT_HAS_EXPIRED (fetch failed)
272,Barkley Forum (Emory),debate-speech,UNREACHABLE,https://www.barkleyforum.com,,,,,ENOTFOUND (fetch failed)
273,California Invitational (Berkeley),debate-speech,UNREACHABLE,https://www.calnationals.org,,,,,ENOTFOUND (fetch failed)
274,Debate: National Catholic Forensic League Grand Nationals,debate-speech,HOMEPAGE,https://www.ncfl.org,https://www.ncfl.org/,,grade-band plausible-year,membership about-us,
275,Glenbrooks Speech and Debate Tournament,debate-speech,THIN,https://www.glenbrooks.com,https://unstoppabledomains.com/d/glenbrooks.com,,,,
276,Harvard Model Congress,debate-speech,UNREACHABLE,https://www.harvardmodelcongress.org,,,,,robots.txt disallows fetching https://www.harvardmodelcongress.org/ for our user-agent
277,National Christian Forensics and Communications Association (NCFCA),debate-speech,HOMEPAGE,https://www.ncfca.org,https://ncfca.org/,,registration deadline rules grade-band plausible-year,donate about-us careers newsroom,
278,North American Invitational Model UN (NAIMUN),debate-speech,HOMEPAGE,https://naimun.modelun.org,https://naimun.modelun.org/,,registration dates-block grade-band plausible-year,about-us,
279,Stoa USA Speech & Debate,debate-speech,HOMEPAGE,https://www.stoausa.org,https://www.stoausa.org/,,eligibility grade-band plausible-year,donate membership about-us,
280,YMCA Conference on National Affairs,debate-speech,UNREACHABLE,https://ymcacona.org,,,,,fetch failed: 403 Forbidden for https://ymcacona.org/
281,Center for Civic Education / Project Citizen,history-geography-civics,THIN,https://www.civiced.org/project-citizen,https://www.civiced.org/project-citizen,,grade-band,donate careers,
282,Prudential Emerging Visionaries (civic),history-geography-civics,THIN,https://www.prudential.com/links/about/prudential-emerging-visionaries,https://www.prudential.com/links/about/prudential-emerging-visionaries,,,,
283,United States Senate Youth Program,history-geography-civics,PROGRAM,https://ussenateyouth.org,https://ussenateyouth.org/,,deadline how-to-enter dates-block rules qualifying grade-band plausible-year,careers,
284,Bay Area Mathematical Olympiad (BAMO),math,HOMEPAGE,https://www.bamo.org,https://www.bamo.org/,,registration grade-band plausible-year,donate,
285,Caltech Harvey Mudd Math Competition (CHMMC),math,UNREACHABLE,https://chmmc.caltech.edu,,,,,ERR_TLS_CERT_ALTNAME_INVALID (fetch failed)
286,Duke Math Meet (DMM),math,HOMEPAGE,https://dukemathmeet.org,https://dukemathmeet.org/,,registration grade-band plausible-year,,
287,Lexington Math Tournament (LMT),math,UNREACHABLE,https://lmt.mkhs.dev,,,,,ENOTFOUND (fetch failed)
288,Math Madness (areteem),math,UNREACHABLE,https://www.mathmadnessonline.com,,,,,ENOTFOUND (fetch failed)
289,Math is Cool Championships,math,HOMEPAGE,https://www.academicsarecool.com,https://www.academicsarecool.com/,,,,
290,MathCON,math,HOMEPAGE,https://www.mathcon.org,https://www.mathcon.org/,,registration plausible-year,donate,
291,National Assessment & Testing math contests,math,HOMEPAGE,https://www.natassessment.com,https://www.natassessment.com/,,,,
292,New York City Interscholastic Mathematics League (NYCIML),math,HOMEPAGE,https://www.nyciml.org,https://www.nyciml.org/,,registration grade-band plausible-year,,
293,Rocket City Math League,math,UNREACHABLE,https://www.rocketcitymath.org,,,,,fetch failed: 404 Not Found for https://www.rocketcitymath.org/
294,Coolidge Scholarship,other,HOMEPAGE,https://coolidgescholars.org,https://coolidgescholars.org/,,eligibility rules plausible-year,,
295,Lemelson-MIT / InvenTeams,other,THIN,https://lemelson.mit.edu/inventeams,https://lemelson.mit.edu/inventeams,,grade-band plausible-year,donate about-us governance,
296,Rube Goldberg Machine Contest,other,HOMEPAGE,https://www.rubegoldberg.org,https://www.rubegoldberg.org/,,plausible-year,donate,
297,BotBall Educational Robotics,robotics,UNREACHABLE,https://www.botball.org,,,,,DEPTH_ZERO_SELF_SIGNED_CERT (fetch failed)
298,FIRST Global Challenge (US team),robotics,HOMEPAGE,https://first.global,https://first.global/,,plausible-year,donate careers newsroom,
299,FIRST LEGO League Discover,robotics,UNREACHABLE,https://www.firstinspires.org/robotics/fll/discover,,,,,fetch failed: 404 Not Found for https://www.firstinspires.org/robotics/fll/discover
300,RoboCupJunior US,robotics,UNREACHABLE,https://robocupjunioramerica.org,,,,,ENOTFOUND (fetch failed)
301,Robofest,robotics,HOMEPAGE,https://www.robofest.net,https://www.robofest.net/,,registration rules grade-band plausible-year,donate annual-report,
302,SeaPerch / RoboNation SeaPerch Challenge,robotics,HOMEPAGE,https://seaperch.org,https://seaperch.org/,,plausible-year,donate,
303,TSA VEX Robotics / TSA Robotics,robotics,HOMEPAGE,https://tsaweb.org,https://tsaweb.org/,,grade-band plausible-year,,
304,Wonder League Robotics Competition,robotics,PROGRAM,https://www.makewonder.com/robotics-competition,https://www.makewonder.com/robotics-competition/,,registration how-to-enter dates-block submission plausible-year,about-us,
305,Zero Robotics,robotics,HOMEPAGE,https://zerorobotics.mit.edu,https://zerorobotics.mit.edu/,,registration grade-band plausible-year,newsroom,
306,BioGENEius Challenge,science-engineering,THIN,https://biotechinstitute.org/programs/biogeneius,https://biotechinstitute.org/biogeneius/,,grade-band plausible-year,about-us,
307,California Science and Engineering Fair,science-engineering,UNREACHABLE,https://csef.usc.edu,,,,,UNABLE_TO_VERIFY_LEAF_SIGNATURE (fetch failed)
308,Junior Solar Sprint,science-engineering,UNREACHABLE,https://www.jss.usaeop.com,,,,,ENOTFOUND (fetch failed)
309,National STEM Challenge,science-engineering,UNREACHABLE,https://www.thestemchallenge.org,,,,,ENOTFOUND (fetch failed)
310,Real World Design Challenge,science-engineering,UNREACHABLE,https://www.realworlddesignchallenge.org,,,,,ENOTFOUND (fetch failed)
311,Solar Car Challenge,science-engineering,HOMEPAGE,https://www.solarcarchallenge.org,https://www.solarcarchallenge.org/,,,,
312,Stockholm Junior Water Prize (US),science-engineering,THIN,https://www.wef.org/sjwp,https://www.wef.org/sjwp,,eligibility grade-band plausible-year,donate membership governance careers,
313,Supermileage / Shell Eco-marathon Americas,science-engineering,HOMEPAGE,https://www.makethefuture.shell/en-us/shell-eco-marathon,https://www.shellecomarathon.com/,yes,,,
314,"TEAMS (Tests of Engineering Aptitude, Math, Science)",science-engineering,UNREACHABLE,https://teams.tsaweb.org,,,,,UND_ERR_CONNECT_TIMEOUT (fetch failed)
315,USA National Astronomy Competition / Astronomy Olympiad,science-engineering,HOMEPAGE,https://usaaao.org,https://usaaao.org/,,registration qualifying grade-band plausible-year,donate about-us,
316,iGEM (International Genetically Engineered Machine) High School,science-engineering,HOMEPAGE,https://igem.org,https://igem.org/,,,,
317,Bennington College Young Writers Awards,writing-essay,PROGRAM,https://www.bennington.edu/events/young-writers-awards,https://www.bennington.edu/events/bennington-young-creators-awards/bennington-young-writers-awards,,deadline eligibility fee dates-block rules submission grade-band,newsroom,
318,DAR American History Essay Contest,writing-essay,THIN,https://www.dar.org/national-society/education/essay-contests,https://www.dar.org/outreach/education/essay-contests,,rules grade-band plausible-year,donate membership about-us careers,
319,Kenyon Review Patricia Grodd Poetry Prize,writing-essay,PROGRAM,https://kenyonreview.org/submit/patricia-grodd,https://kenyonreview.org/submit/patricia-grodd/,,fee submission qualifying grade-band plausible-year,donate about-us,
320,NCTE Promising Young Writers,writing-essay,THIN,https://ncte.org/awards/promising-young-writers,https://ncte.org/awards/student-writing-awards/promising-young-writers/,,dates-block submission plausible-year,donate membership,
321,National Council of Teachers of English Achievement Awards,writing-essay,THIN,https://ncte.org/awards,https://ncte.org/awards/,,deadline grade-band plausible-year,donate membership careers,
322,Optimist International Essay Contest,writing-essay,PROGRAM,https://www.optimist.org/member/scholarships3.cfm,https://www.optimist.org/member/scholarships3.cfm,,deadline eligibility how-to-enter submission grade-band plausible-year,about-us,
323,Signet Classics Student Scholarship Essay Contest,writing-essay,UNREACHABLE,https://www.penguinrandomhouse.com/pages/signet-classics-scholarship-essay-contest,,,,,fetch failed: 404 Not Found for https://www.penguinrandomhouse.com/pages/signet-classics-scholarship-essay-contest
324,Genes in Space,science-engineering,HOMEPAGE,https://www.genesinspace.org,https://www.genesinspace.org/,,how-to-enter plausible-year,newsroom,
325,National Trumpet Competition,arts-music,HOMEPAGE,https://nationaltrumpetcomp.org,https://nationaltrumpetcomp.org/,,plausible-year,governance,
326,Braille Challenge,other,THIN,https://brailleinstitute.org/braille-challenge,https://www.brailleinstitute.org/braille-challenge/,,qualifying plausible-year,donate,
327,Terra NYC STEM Fair,science-engineering,HOMEPAGE,https://tnycfair.org,https://tnycfair.org/,,registration deadline submission grade-band plausible-year,donate about-us,
328,President's Environmental Youth Award (PEYA),science-engineering,UNREACHABLE,https://www.epa.gov/education/presidents-environmental-youth-award-peya,,,,,fetch failed: 404 Not Found for https://www.epa.gov/education/presidents-environmental-youth-award-peya
329,Log1 Contest,math,THIN,https://mualphatheta.org/national-log-1-contest,https://mualphatheta.org/national-log-1-contest,,grade-band plausible-year,about-us,
330,Chicago International Model United Nations (CIMUN),debate-speech,HOMEPAGE,https://www.cimun.org,https://www.cimun.org/,,registration dates-block grade-band plausible-year,about-us,
331,Rutgers Model United Nations (RUMUN),debate-speech,HOMEPAGE,https://www.rumun.net,https://www.rumun.net/,,plausible-year,about-us governance,
332,Harlan Institute Virtual Supreme Court Competition,history-geography-civics,THIN,https://harlaninstitute.org/virtual-supreme-court/,https://harlaninstitute.org/virtual-supreme-court/,,submission grade-band plausible-year,donate,
333,VHSL Scholastic Bowl,academic-bowl,UNREACHABLE,https://www.vhsl.org/scholastic-bowl/,,,,,robots.txt disallows fetching https://www.vhsl.org/scholastic-bowl/ for our user-agent
334,StellarXplorers,science-engineering,HOMEPAGE,https://www.stellarxplorers.org,https://www.stellarxplorers.org/,,registration grade-band,donate careers newsroom,
335,UAS4STEM,robotics,THIN,https://www.amaflightschool.org/programs/uas4stem-drone-challenge,https://www.amaflightschool.org/programs/uas4stem-drone-challenge,,grade-band plausible-year,,
336,Cubes in Space,science-engineering,HOMEPAGE,https://www.cubesinspace.com,https://www.cubesinspace.com/,,registration deadline grade-band plausible-year,about-us,
337,Texas A&M High School Mathematics Contest,math,THIN,https://artsci.tamu.edu/mathematics/outreach/programs/index.html,https://artsci.tamu.edu/mathematics/outreach/programs/index.html,,registration grade-band,,
338,World Historian Student Essay Competition,history-geography-civics,UNREACHABLE,https://members.thewha.org/page/world_historian_student_essay,,,,,fetch failed: 404 Not Found for https://members.thewha.org/404.aspx
339,We The Future Contest,history-geography-civics,PROGRAM,https://constitutingamerica.org/contest-categories-new/,https://constitutingamerica.org/contest-categories-new/,,deadline eligibility dates-block rules submission qualifying grade-band plausible-year,donate about-us,
340,National Greek Exam,academic-bowl,PROGRAM,https://www.aclclassics.org/Exams/National-Greek-Exam,https://www.aclclassics.org/Exams/National-Greek-Exam,,registration eligibility grade-band plausible-year,,
341,Los Angeles County Science & Engineering Fair,science-engineering,HOMEPAGE,https://lascifair.org,https://lascifair.org/,,registration deadline eligibility how-to-enter dates-block qualifying plausible-year,donate about-us,
342,Science & Engineering Fair of Metropolitan Detroit (SEFMD),science-engineering,HOMEPAGE,https://www.sefmd.org,https://www.sefmd.org/,,,,
343,International Bridge Building Contest,science-engineering,HOMEPAGE,http://bridgecontest.phys.iit.edu,http://bridgecontest.phys.iit.edu/,,grade-band plausible-year,about-us,
344,MMATHS,math,THIN,https://www.mmaths.org/mmaths,https://www.mmaths.org/mmaths,,,,
345,North Carolina State Mathematics Contest,math,PROGRAM,https://sites.google.com/site/statemathcontest/,https://sites.google.com/site/statemathcontest/,,rules qualifying grade-band plausible-year,,
346,John Edie Holiday Debates,debate-speech,THIN,https://blake.tabroom.com,https://www.tabroom.com/index/tourn/index.mhtml?tourn_id=40798,,registration deadline plausible-year,,
347,NFPW High School Communications Contest,arts-music,PROGRAM,https://www.nfpw.org/high-school-contest,https://www.nfpw.org/high-school-contest,,deadline eligibility rules grade-band plausible-year,donate membership governance newsroom,
348,ARTEFFECT,arts-music,HOMEPAGE,https://www.arteffectlmc.org,https://www.arteffectlmc.org/,,submission grade-band plausible-year,donate about-us careers,
349,SPJ/JEA High School Essay Contest,writing-essay,PROGRAM,https://www.spj.org/high-school-essay-contest/,https://www.spj.org/high-school-essay-contest/,,deadline how-to-enter rules grade-band plausible-year,donate governance careers newsroom,
350,Ohio Academic Competition,academic-bowl,HOMEPAGE,https://www.ohioacademiccompetition.com,https://www.ohioacademiccompetition.com/,,registration deadline qualifying grade-band plausible-year,about-us,
351,Michigan High School Quiz Bowl State Championship,academic-bowl,HOMEPAGE,https://miqba.org,https://miqba.org/,,,,
352,Verizon Innovative Learning Emerging Innovators,science-engineering,THIN,https://www.verizon.com/learning,https://www.verizon.com/learning,,,,
353,Plant the Moon Challenge,science-engineering,HOMEPAGE,https://www.plantthemoon.com,https://plantthemoon.com/,,registration grade-band plausible-year,about-us,
354,Electrathon America,science-engineering,HOMEPAGE,https://www.electrathonamerica.org,https://www.electrathonamerica.org/,,registration grade-band plausible-year,donate careers newsroom,
355,GAMA Aviation Design Challenge,science-engineering,THIN,https://gama.aero/opportunities-in-ga/aviation-challenge/,https://gama.aero/opportunities-in-ga/aviation-challenge/,,registration grade-band plausible-year,membership careers newsroom,
356,NIETOC (National Individual Events Tournament of Champions),debate-speech,HOMEPAGE,https://nietoc.org,https://nietoc.org/,,deadline qualifying plausible-year,about-us,
357,FRA Americanism Essay Contest,writing-essay,THIN,https://www.fra.org/fra/Web/Web/Content/Essay_Contest.aspx,https://www.fra.org/fra/Web/Web/Content/Essay_Contest.aspx,,deadline grade-band plausible-year,donate membership careers newsroom,
358,Manningham Student Poetry Awards,writing-essay,PROGRAM,https://nfsps.net/manningham-student-poetry-contest,https://nfsps.net/manningham-student-poetry-contest,,registration eligibility fee rules submission grade-band plausible-year,membership,
359,ASA Data Visualization Poster Competition,math,PROGRAM,https://www.amstat.org/education/asa-data-visualization-poster-competition-for-grades-k-12-,https://www.amstat.org/education/asa-data-visualization-poster-competition-for-grades-k-12-,,registration deadline fee rules submission grade-band plausible-year,donate membership governance,
360,National Chinese Speech Contest,academic-bowl,HOMEPAGE,https://www.chinesespeechcontest.com,https://www.chinesespeechcontest.com/,,plausible-year,,
361,Ocean Awareness Contest,arts-music,PROGRAM,https://bowseat.org/programs/ocean-awareness-contest/,https://bowseat.org/programs/ocean-awareness-contest/contest-overview/,,deadline eligibility how-to-enter submission plausible-year,donate,
362,Project Green Challenge,other,HOMEPAGE,https://projectgreenchallenge.com,https://projectgreenchallenge.com/,,grade-band plausible-year,,
363,North Carolina Science & Engineering Fair (NCSEF),science-engineering,HOMEPAGE,https://ncsef.org,https://ncsef.org/,,grade-band plausible-year,donate about-us,
364,AAPT High School Physics Photo Contest,science-engineering,PROGRAM,https://www.aapt.org/Programs/photocontest/,https://www.aapt.org/Programs/photocontest/,,registration rules grade-band plausible-year,donate membership newsroom annual-report,
365,Penn Model Congress,debate-speech,PROGRAM,https://www.pennmodelcongress.org,https://www.pennmodelcongress.org/,,registration deadline eligibility how-to-enter submission plausible-year,about-us,
366,Embracing Our Differences,arts-music,HOMEPAGE,https://www.embracingourdifferences.org,https://www.embracingourdifferences.org/,,registration plausible-year,donate about-us newsroom annual-report,
367,MSHSAA Scholar Bowl,academic-bowl,HOMEPAGE,https://www.mshsaa.org,https://www.mshsaa.org/,,grade-band plausible-year,membership governance careers,
368,Quiz Bowl — Knowledge Master Open,academic-bowl,UNREACHABLE,https://www.greatauk.com,,,,,EAI_AGAIN (fetch failed)
369,Cooper International Competition (violin/piano),arts-music,THIN,https://www.oberlin.edu/cooper-competition,https://www.oberlin.edu/cooper-competition,,eligibility plausible-year,,
370,Stulberg International String Competition,arts-music,HOMEPAGE,https://stulberg.org,https://stulberg.org/,,how-to-enter rules plausible-year,donate about-us governance careers,
371,The American Prize,arts-music,HOMEPAGE,https://theamericanprize.org,https://theamericanprize.org/,,deadline plausible-year,donate,
372,Elks Americanism Essay Contest,history-geography-civics,THIN,https://www.elks.org/programs/americanism.cfm,https://www.elks.org/programs/americanism.cfm,,registration eligibility plausible-year,donate membership about-us careers,
373,International Geography Bee (US),history-geography-civics,UNREACHABLE,https://www.geographybee.com,,,,,ENOTFOUND (fetch failed)
374,National World War II Museum student essay/challenge,history-geography-civics,THIN,https://www.nationalww2museum.org/students-teachers,https://www.nationalww2museum.org/students-teachers,,registration grade-band plausible-year,donate membership about-us,
375,SAR Knight Essay Contest,history-geography-civics,THIN,https://www.sar.org/education/knight-essay-contest,https://www.sar.org/committees/knight-essay-contest-committee/,,grade-band plausible-year,donate membership,
376,SAR Rumbaugh Historical Oration Contest,history-geography-civics,UNREACHABLE,https://www.sar.org/education/rumbaugh-oration-contest,,,,,fetch failed: 404 Not Found for https://www.sar.org/education/rumbaugh-oration-contest
377,Caring for Our Watersheds,other,HOMEPAGE,https://www.caringforourwatersheds.com,https://caringforourwatersheds.com/,,plausible-year,,
378,National Academic League,other,HOMEPAGE,https://nationalacademicleague.org,https://nationalacademicleague.org/,,grade-band plausible-year,donate,
379,SpellPundit National Spelling Bee,other,HOMEPAGE,https://spellpundit.com,https://www.spellpundit.com/,,registration plausible-year,,
380,Junior Botball Challenge,robotics,THIN,https://www.kipr.org/jr-botball,https://www.kipr.org/jr-botball,,registration plausible-year,donate,
381,National Robotics Challenge,robotics,HOMEPAGE,https://www.thenrc.org,https://www.thenrc.org/,,registration grade-band plausible-year,donate about-us,
382,National Robotics League,robotics,HOMEPAGE,https://gonrl.org,https://gonrl.org/,,eligibility rules plausible-year,donate about-us careers,
383,Spellman High Voltage Electronics Clean Tech Competition,science-engineering,UNREACHABLE,https://www.cstl.org/cleantech,,,,,fetch failed: 404 Not Found for https://cstl.org/cleantech
384,American Foreign Service National High School Essay Contest,writing-essay,PROGRAM,https://afsa.org/essay-contest,https://afsa.org/essay-contest,,eligibility rules submission grade-band plausible-year,donate membership newsroom,
385,EngineerGirl Writing Contest,writing-essay,THIN,https://www.engineergirl.org/writing-contest,https://www.engineergirl.org/Default.aspx,,,,
386,Sejong Writing Competition,writing-essay,PROGRAM,https://www.sejongculturalsociety.org/writing,https://www.sejongculturalsociety.org/writing/,,registration deadline eligibility rules submission plausible-year,,
387,The Adroit Prizes for Poetry & Prose,writing-essay,UNREACHABLE,https://theadroitjournal.org/prizes,,,,,fetch failed: 404 Not Found for https://theadroitjournal.org/prizes
388,IM2C (International Mathematical Modeling Challenge) US,math,HOMEPAGE,https://immchallenge.org,https://immchallenge.org/,,plausible-year,,
389,Trig-Star,math,HOMEPAGE,https://trig-star.com,https://trig-star.com/,,eligibility grade-band plausible-year,careers,
390,USIYPT (US Invitational Young Physicists Tournament),science-engineering,HOMEPAGE,https://www.usaypt.org,https://www.usaypt.org/,,plausible-year,,
391,NFMC Junior Competitions & Awards,arts-music,THIN,https://www.nfmc-music.org/competitions-awards/,https://www.nfmc-music.org/competitions-awards/,,eligibility plausible-year,membership about-us,
392,Chicago Public Schools Student Science Fair,science-engineering,HOMEPAGE,https://cpsstemfair.org,https://cpsstemfair.org/,,deadline how-to-enter dates-block grade-band plausible-year,donate governance careers,
393,Claudia Ann Seaman Awards,writing-essay,PROGRAM,https://www.polyphonylit.org/claudia-ann-seaman-awards,https://www.polyphonylit.org/claudia-ann-seaman-awards,,eligibility rules submission grade-band plausible-year,donate about-us,
394,TYE Global (TiE Young Entrepreneurs),business-entrepreneurship,HOMEPAGE,https://tyeglobal.org,https://tyeglobal.org/,,registration grade-band plausible-year,,
395,U.S. Earth Science Olympiad (USESO),science-engineering,HOMEPAGE,https://www.useso.org,https://www.useso.org/,,registration deadline eligibility how-to-enter plausible-year,donate about-us governance,
396,David McCullough Essay Prizes,history-geography-civics,PROGRAM,https://www.gilderlehrman.org/student-opportunities/david-mccullough-essay-prizes,https://www.gilderlehrman.org/student-opportunities/david-mccullough-essay-prizes,,eligibility submission grade-band plausible-year,donate about-us careers newsroom,
397,South Asian Spelling Bee,other,HOMEPAGE,https://www.southasianspellingbee.com,https://southasianspellingbee.com/,,registration rules plausible-year,about-us newsroom,
398,Washington State Science & Engineering Fair (WSSEF),science-engineering,HOMEPAGE,https://wssef.org,https://wssef.org/,,registration rules grade-band plausible-year,donate newsroom,
399,Colorado Science and Engineering Fair,science-engineering,HOMEPAGE,https://csef.natsci.colostate.edu,https://csef.natsci.colostate.edu/,,registration plausible-year,donate governance newsroom,
400,Arizona Science & Engineering Fair (AzSEF),science-engineering,PROGRAM,https://www.azscience.org/visit/events/arizona-science-engineering-fair-azsef/,https://www.azscience.org/visit/events/arizona-science-engineering-fair-azsef/,,registration deadline eligibility grade-band plausible-year,donate membership careers,
401,Minnesota State Science & Engineering Fair,science-engineering,THIN,https://www.mnmas.org/about-science-engineering-fair,https://www.mnmas.org/about-science-engineering-fair,,registration grade-band plausible-year,donate about-us governance newsroom,
402,Virginia State Science & Engineering Fair (VSSEF),science-engineering,UNREACHABLE,https://vssef.org,,,,,CERT_HAS_EXPIRED (fetch failed)
403,Jersey Shore Science Fair,science-engineering,PROGRAM,https://stockton.edu/jssf/,https://stockton.edu/jssf/,,registration eligibility rules submission grade-band plausible-year,,
404,New York State Science & Engineering Fair (NYSSEF),science-engineering,HOMEPAGE,https://www.nyssef.org,https://www.nyssef.org/,,registration deadline qualifying grade-band plausible-year,donate,
405,Connecticut Science & Engineering Fair,science-engineering,HOMEPAGE,https://ctsciencefair.org,https://ctsciencefair.org/,,registration deadline eligibility how-to-enter dates-block rules plausible-year,donate about-us careers,
406,National Land and Range Judging Contest,science-engineering,PROGRAM,https://www.okconservation.org/national-land-and-range-judging,https://www.okconservation.org/national-land-and-range-judging,,registration eligibility rules qualifying grade-band plausible-year,donate about-us,
407,Federal Bar Association Civics Essay Contest,history-geography-civics,PROGRAM,https://www.fedbar.org/about-us/outreach/civics-essay-contest/,https://www.fedbar.org/about-us/outreach/civics-essay-contest/,,registration eligibility grade-band plausible-year,membership about-us,
408,National Latin Bee,academic-bowl,UNREACHABLE,https://www.nationallatinbee.com,,,,,ENOTFOUND (fetch failed)
409,National Quiz Bowl Championships (Questions Unlimited),academic-bowl,HOMEPAGE,https://www.qub.us,https://qub.us/,,plausible-year,,
410,Celebrating Art student poetry & art anthology,arts-music,HOMEPAGE,https://www.celebratingart.com,https://www.celebratingart.com/,,deadline grade-band plausible-year,about-us,
411,INCubatoredu National Pitch,business-entrepreneurship,HOMEPAGE,https://www.unchartedlearning.org,https://www.unchartedlearning.org/,,grade-band plausible-year,careers newsroom,
412,PClassic (Penn),computer-science,HOMEPAGE,https://pclassic.org,https://www.pclassic.org/,,,,
413,Kids Philosophy Slam,other,UNREACHABLE,https://www.philosophyslam.org,,,,,ERR_SSL_SSLV3_ALERT_HANDSHAKE_FAILURE (fetch failed)
414,RoboRAVE International,robotics,HOMEPAGE,https://roborave.org,https://roborave.org/,,registration plausible-year,,
415,Jane Austen Society of North America Essay Contest,writing-essay,PROGRAM,https://jasna.org/programs/essay-contest,https://jasna.org/programs/essay-contest,,registration deadline rules submission grade-band plausible-year,membership governance,
416,Leonard M. Milberg '53 High School Poetry Prize,writing-essay,PROGRAM,https://arts.princeton.edu/about/opportunities/high-school-contests,https://arts.princeton.edu/about/opportunities/high-school-contests,,eligibility submission grade-band plausible-year,,
417,Nancy Thorp Poetry Contest,writing-essay,PROGRAM,https://www.hollins.edu/nancy-thorp,https://www.hollins.edu/academics/pre-college-experiences-camps/nancy-thorp-poetry-contest/,,deadline eligibility submission grade-band plausible-year,careers,
418,Rattle Young Poets Anthology,writing-essay,UNREACHABLE,https://www.rattle.com/rya,,,,,fetch failed: 404 Not Found for https://rattle.com/rya/
419,River of Words / youth environmental poetry & art,writing-essay,PROGRAM,https://www.stmarys-ca.edu/river-of-words,https://www.stmarys-ca.edu/academics/schools/kalmanovitz-school-of-education/centers-institutes/center-environmental-literacy/river-of-words,,deadline eligibility rules submission grade-band plausible-year,donate careers,
420,North American School Scrabble Championship,other,HOMEPAGE,https://www.northamericanschoolscrabble.com,https://www.northamericanschoolscrabble.com/,,plausible-year,,
421,NSCDA Congressional Seminar Essay Contest,history-geography-civics,THIN,https://www.ncdames.org/the-congressional-seminar-essay-contest,https://www.ncdames.org/the-congressional-seminar-essay-contest,,submission grade-band plausible-year,donate membership about-us,
422,Finance & Investment Challenge Bowl,business-entrepreneurship,HOMEPAGE,https://ficbonline.org,https://ficbonline.org/,,grade-band plausible-year,donate about-us,
423,The Junior Academy,other,PROGRAM,https://www.nyas.org/learning/high-school-research-programs/the-junior-academy/,https://www.nyas.org/learning/high-school-research-programs/the-junior-academy/,,eligibility dates-block grade-band plausible-year,donate membership about-us careers newsroom,
424,Michigan Math Meet,math,HOMEPAGE,https://michiganmathmeet.org,https://michiganmathmeet.org/,,registration grade-band plausible-year,about-us,
425,Pennsylvania State Academic Competition,academic-bowl,UNREACHABLE,https://www.cciu.org/state-competition,,,,,fetch failed: 404 Not Found for https://www.cciu.org/state-competition
